[2026-04-23 10:38:46] production.ERROR: file_get_contents(/home/user/PAT-v2/.env): Failed to open stream: No such file or directory {"exception":"[object] (ErrorException(code: 0): file_get_contents(/home/user/PAT-v2/.env): Failed to open stream: No such file or directory at /home/user/PAT-v2/vendor/laravel/sail/src/Console/Concerns/InteractsWithDockerComposeServices.php:138)
[stacktrace]
#0 /home/user/PAT-v2/vendor/laravel/framework/src/Illuminate/Foundation/Bootstrap/HandleExceptions.php(258): Illuminate\\Foundation\\Bootstrap\\HandleExceptions->handleError()
#1 [internal function]: Illuminate\\Foundation\\Bootstrap\\HandleExceptions->{closure:Illuminate\\Foundation\\Bootstrap\\HandleExceptions::forwardsTo():257}()
#2 /home/user/PAT-v2/vendor/laravel/sail/src/Console/Concerns/InteractsWithDockerComposeServices.php(138): file_get_contents()
#3 /home/user/PAT-v2/vendor/laravel/sail/src/Console/InstallCommand.php(54): Laravel\\Sail\\Console\\InstallCommand->replaceEnvVariables()
#4 /home/user/PAT-v2/vendor/laravel/framework/src/Illuminate/Container/BoundMethod.php(36): Laravel\\Sail\\Console\\InstallCommand->handle()
#5 /home/user/PAT-v2/vendor/laravel/framework/src/Illuminate/Container/Util.php(43): Illuminate\\Container\\BoundMethod::{closure:Illuminate\\Container\\BoundMethod::call():35}()
#6 /home/user/PAT-v2/vendor/laravel/framework/src/Illuminate/Container/BoundMethod.php(96): Illuminate\\Container\\Util::unwrapIfClosure()
#7 /home/user/PAT-v2/vendor/laravel/framework/src/Illuminate/Container/BoundMethod.php(35): Illuminate\\Container\\BoundMethod::callBoundMethod()
#8 /home/user/PAT-v2/vendor/laravel/framework/src/Illuminate/Container/Container.php(799): Illuminate\\Container\\BoundMethod::call()
#9 /home/user/PAT-v2/vendor/laravel/framework/src/Illuminate/Console/Command.php(211): Illuminate\\Container\\Container->call()
#10 /home/user/PAT-v2/vendor/symfony/console/Command/Command.php(341): Illuminate\\Console\\Command->execute()
#11 /home/user/PAT-v2/vendor/laravel/framework/src/Illuminate/Console/Command.php(180): Symfony\\Component\\Console\\Command\\Command->run()
#12 /home/user/PAT-v2/vendor/symfony/console/Application.php(1117): Illuminate\\Console\\Command->run()
#13 /home/user/PAT-v2/vendor/symfony/console/Application.php(356): Symfony\\Component\\Console\\Application->doRunCommand()
#14 /home/user/PAT-v2/vendor/symfony/console/Application.php(195): Symfony\\Component\\Console\\Application->doRun()
#15 /home/user/PAT-v2/vendor/laravel/framework/src/Illuminate/Foundation/Console/Kernel.php(198): Symfony\\Component\\Console\\Application->run()
#16 /home/user/PAT-v2/vendor/laravel/framework/src/Illuminate/Foundation/Application.php(1235): Illuminate\\Foundation\\Console\\Kernel->handle()
#17 /home/user/PAT-v2/artisan(13): Illuminate\\Foundation\\Application->handleCommand()
#18 {main}
"} 
[2026-04-23 10:50:39] testing.ERROR: Please provide a valid cache path. {"userId":1,"exception":"[object] (InvalidArgumentException(code: 0): Please provide a valid cache path. at /home/user/PAT-v2/vendor/laravel/framework/src/Illuminate/View/Compilers/Compiler.php:75)
[stacktrace]
#0 /home/user/PAT-v2/vendor/laravel/framework/src/Illuminate/View/ViewServiceProvider.php(97): Illuminate\\View\\Compilers\\Compiler->__construct()
#1 /home/user/PAT-v2/vendor/laravel/framework/src/Illuminate/Container/Container.php(1115): Illuminate\\View\\ViewServiceProvider->{closure:Illuminate\\View\\ViewServiceProvider::registerBladeCompiler():96}()
#2 /home/user/PAT-v2/vendor/laravel/framework/src/Illuminate/Container/Container.php(933): Illuminate\\Container\\Container->build()
#3 /home/user/PAT-v2/vendor/laravel/framework/src/Illuminate/Foundation/Application.php(1078): Illuminate\\Container\\Container->resolve()
#4 /home/user/PAT-v2/vendor/laravel/framework/src/Illuminate/Container/Container.php(864): Illuminate\\Foundation\\Application->resolve()
#5 /home/user/PAT-v2/vendor/laravel/framework/src/Illuminate/Foundation/Application.php(1058): Illuminate\\Container\\Container->make()
#6 /home/user/PAT-v2/vendor/laravel/framework/src/Illuminate/View/ViewServiceProvider.php(169): Illuminate\\Foundation\\Application->make()
#7 [internal function]: Illuminate\\View\\ViewServiceProvider->{closure:Illuminate\\View\\ViewServiceProvider::registerBladeEngine():165}()
#8 /home/user/PAT-v2/vendor/laravel/framework/src/Illuminate/View/Engines/EngineResolver.php(55): call_user_func()
#9 /home/user/PAT-v2/vendor/laravel/framework/src/Illuminate/View/Factory.php(325): Illuminate\\View\\Engines\\EngineResolver->resolve()
#10 /home/user/PAT-v2/vendor/laravel/framework/src/Illuminate/View/Factory.php(287): Illuminate\\View\\Factory->getEngineFromPath()
#11 /home/user/PAT-v2/vendor/laravel/framework/src/Illuminate/View/Factory.php(159): Illuminate\\View\\Factory->viewInstance()
#12 /home/user/PAT-v2/vendor/laravel/framework/src/Illuminate/Routing/ResponseFactory.php(91): Illuminate\\View\\Factory->make()
#13 /home/user/PAT-v2/vendor/laravel/framework/src/Illuminate/Foundation/Exceptions/Handler.php(926): Illuminate\\Routing\\ResponseFactory->view()
#14 /home/user/PAT-v2/vendor/laravel/framework/src/Illuminate/Foundation/Exceptions/Handler.php(847): Illuminate\\Foundation\\Exceptions\\Handler->renderHttpException()
#15 /home/user/PAT-v2/vendor/laravel/framework/src/Illuminate/Foundation/Exceptions/Handler.php(738): Illuminate\\Foundation\\Exceptions\\Handler->prepareResponse()
#16 /home/user/PAT-v2/vendor/laravel/framework/src/Illuminate/Foundation/Exceptions/Handler.php(626): Illuminate\\Foundation\\Exceptions\\Handler->renderExceptionResponse()
#17 /home/user/PAT-v2/vendor/laravel/framework/src/Illuminate/Routing/Pipeline.php(51): Illuminate\\Foundation\\Exceptions\\Handler->render()
#18 /home/user/PAT-v2/vendor/laravel/framework/src/Illuminate/Pipeline/Pipeline.php(224): Illuminate\\Routing\\Pipeline->handleException()
#19 /home/user/PAT-v2/vendor/laravel/framework/src/Illuminate/Auth/Middleware/EnsureEmailIsVerified.php(41): Illuminate\\Pipeline\\Pipeline->{closure:{closure:Illuminate\\Pipeline\\Pipeline::carry():194}:195}()
#20 /home/user/PAT-v2/vendor/laravel/framework/src/Illuminate/Pipeline/Pipeline.php(219): Illuminate\\Auth\\Middleware\\EnsureEmailIsVerified->handle()
#21 /home/user/PAT-v2/vendor/laravel/framework/src/Illuminate/Http/Middleware/AddLinkHeadersForPreloadedAssets.php(32): Illuminate\\Pipeline\\Pipeline->{closure:{closure:Illuminate\\Pipeline\\Pipeline::carry():194}:195}()
#22 /home/user/PAT-v2/vendor/laravel/framework/src/Illuminate/Pipeline/Pipeline.php(219): Illuminate\\Http\\Middleware\\AddLinkHeadersForPreloadedAssets->handle()
#23 /home/user/PAT-v2/vendor/inertiajs/inertia-laravel/src/Middleware.php(122): Illuminate\\Pipeline\\Pipeline->{closure:{closure:Illuminate\\Pipeline\\Pipeline::carry():194}:195}()
#24 /home/user/PAT-v2/vendor/laravel/framework/src/Illuminate/Pipeline/Pipeline.php(219): Inertia\\Middleware->handle()
#25 /home/user/PAT-v2/vendor/laravel/framework/src/Illuminate/Routing/Middleware/SubstituteBindings.php(50): Illuminate\\Pipeline\\Pipeline->{closure:{closure:Illuminate\\Pipeline\\Pipeline::carry():194}:195}()
#26 /home/user/PAT-v2/vendor/laravel/framework/src/Illuminate/Pipeline/Pipeline.php(219): Illuminate\\Routing\\Middleware\\SubstituteBindings->handle()
#27 /home/user/PAT-v2/vendor/laravel/framework/src/Illuminate/Auth/Middleware/Authenticate.php(63): Illuminate\\Pipeline\\Pipeline->{closure:{closure:Illuminate\\Pipeline\\Pipeline::carry():194}:195}()
#28 /home/user/PAT-v2/vendor/laravel/framework/src/Illuminate/Pipeline/Pipeline.php(219): Illuminate\\Auth\\Middleware\\Authenticate->handle()
#29 /home/user/PAT-v2/vendor/laravel/framework/src/Illuminate/Foundation/Http/Middleware/VerifyCsrfToken.php(87): Illuminate\\Pipeline\\Pipeline->{closure:{closure:Illuminate\\Pipeline\\Pipeline::carry():194}:195}()
#30 /home/user/PAT-v2/vendor/laravel/framework/src/Illuminate/Pipeline/Pipeline.php(219): Illuminate\\Foundation\\Http\\Middleware\\VerifyCsrfToken->handle()
#31 /home/user/PAT-v2/vendor/laravel/framework/src/Illuminate/View/Middleware/ShareErrorsFromSession.php(48): Illuminate\\Pipeline\\Pipeline->{closure:{closure:Illuminate\\Pipeline\\Pipeline::carry():194}:195}()
#32 /home/user/PAT-v2/vendor/laravel/framework/src/Illuminate/Pipeline/Pipeline.php(219): Illuminate\\View\\Middleware\\ShareErrorsFromSession->handle()
#33 /home/user/PAT-v2/vendor/laravel/framework/src/Illuminate/Session/Middleware/StartSession.php(120): Illuminate\\Pipeline\\Pipeline->{closure:{closure:Illuminate\\Pipeline\\Pipeline::carry():194}:195}()
#34 /home/user/PAT-v2/vendor/laravel/framework/src/Illuminate/Session/Middleware/StartSession.php(63): Illuminate\\Session\\Middleware\\StartSession->handleStatefulRequest()
#35 /home/user/PAT-v2/vendor/laravel/framework/src/Illuminate/Pipeline/Pipeline.php(219): Illuminate\\Session\\Middleware\\StartSession->handle()
#36 /home/user/PAT-v2/vendor/laravel/framework/src/Illuminate/Cookie/Middleware/AddQueuedCookiesToResponse.php(36): Illuminate\\Pipeline\\Pipeline->{closure:{closure:Illuminate\\Pipeline\\Pipeline::carry():194}:195}()
#37 /home/user/PAT-v2/vendor/laravel/framework/src/Illuminate/Pipeline/Pipeline.php(219): Illuminate\\Cookie\\Middleware\\AddQueuedCookiesToResponse->handle()
#38 /home/user/PAT-v2/vendor/laravel/framework/src/Illuminate/Cookie/Middleware/EncryptCookies.php(74): Illuminate\\Pipeline\\Pipeline->{closure:{closure:Illuminate\\Pipeline\\Pipeline::carry():194}:195}()
#39 /home/user/PAT-v2/vendor/laravel/framework/src/Illuminate/Pipeline/Pipeline.php(219): Illuminate\\Cookie\\Middleware\\EncryptCookies->handle()
#40 /home/user/PAT-v2/vendor/laravel/framework/src/Illuminate/Pipeline/Pipeline.php(137): Illuminate\\Pipeline\\Pipeline->{closure:{closure:Illuminate\\Pipeline\\Pipeline::carry():194}:195}()
#41 /home/user/PAT-v2/vendor/laravel/framework/src/Illuminate/Routing/Router.php(821): Illuminate\\Pipeline\\Pipeline->then()
#42 /home/user/PAT-v2/vendor/laravel/framework/src/Illuminate/Routing/Router.php(800): Illuminate\\Routing\\Router->runRouteWithinStack()
#43 /home/user/PAT-v2/vendor/laravel/framework/src/Illuminate/Routing/Router.php(764): Illuminate\\Routing\\Router->runRoute()
#44 /home/user/PAT-v2/vendor/laravel/framework/src/Illuminate/Routing/Router.php(753): Illuminate\\Routing\\Router->dispatchToRoute()
#45 /home/user/PAT-v2/vendor/laravel/framework/src/Illuminate/Foundation/Http/Kernel.php(200): Illuminate\\Routing\\Router->dispatch()
#46 /home/user/PAT-v2/vendor/laravel/framework/src/Illuminate/Pipeline/Pipeline.php(180): Illuminate\\Foundation\\Http\\Kernel->{closure:Illuminate\\Foundation\\Http\\Kernel::dispatchToRouter():197}()
#47 /home/user/PAT-v2/vendor/laravel/framework/src/Illuminate/Foundation/Http/Middleware/TransformsRequest.php(21): Illuminate\\Pipeline\\Pipeline->{closure:Illuminate\\Pipeline\\Pipeline::prepareDestination():178}()
#48 /home/user/PAT-v2/vendor/laravel/framework/src/Illuminate/Foundation/Http/Middleware/ConvertEmptyStringsToNull.php(31): Illuminate\\Foundation\\Http\\Middleware\\TransformsRequest->handle()
#49 /home/user/PAT-v2/vendor/laravel/framework/src/Illuminate/Pipeline/Pipeline.php(219): Illuminate\\Foundation\\Http\\Middleware\\ConvertEmptyStringsToNull->handle()
#50 /home/user/PAT-v2/vendor/laravel/framework/src/Illuminate/Foundation/Http/Middleware/TransformsRequest.php(21): Illuminate\\Pipeline\\Pipeline->{closure:{closure:Illuminate\\Pipeline\\Pipeline::carry():194}:195}()
#51 /home/user/PAT-v2/vendor/laravel/framework/src/Illuminate/Foundation/Http/Middleware/TrimStrings.php(51): Illuminate\\Foundation\\Http\\Middleware\\TransformsRequest->handle()
#52 /home/user/PAT-v2/vendor/laravel/framework/src/Illuminate/Pipeline/Pipeline.php(219): Illuminate\\Foundation\\Http\\Middleware\\TrimStrings->handle()
#53 /home/user/PAT-v2/vendor/laravel/framework/src/Illuminate/Http/Middleware/ValidatePostSize.php(27): Illuminate\\Pipeline\\Pipeline->{closure:{closure:Illuminate\\Pipeline\\Pipeline::carry():194}:195}()
#54 /home/user/PAT-v2/vendor/laravel/framework/src/Illuminate/Pipeline/Pipeline.php(219): Illuminate\\Http\\Middleware\\ValidatePostSize->handle()
#55 /home/user/PAT-v2/vendor/laravel/framework/src/Illuminate/Foundation/Http/Middleware/PreventRequestsDuringMaintenance.php(109): Illuminate\\Pipeline\\Pipeline->{closure:{closure:Illuminate\\Pipeline\\Pipeline::carry():194}:195}()
#56 /home/user/PAT-v2/vendor/laravel/framework/src/Illuminate/Pipeline/Pipeline.php(219): Illuminate\\Foundation\\Http\\Middleware\\PreventRequestsDuringMaintenance->handle()
#57 /home/user/PAT-v2/vendor/laravel/framework/src/Illuminate/Http/Middleware/HandleCors.php(61): Illuminate\\Pipeline\\Pipeline->{closure:{closure:Illuminate\\Pipeline\\Pipeline::carry():194}:195}()
#58 /home/user/PAT-v2/vendor/laravel/framework/src/Illuminate/Pipeline/Pipeline.php(219): Illuminate\\Http\\Middleware\\HandleCors->handle()
#59 /home/user/PAT-v2/vendor/laravel/framework/src/Illuminate/Http/Middleware/TrustProxies.php(58): Illuminate\\Pipeline\\Pipeline->{closure:{closure:Illuminate\\Pipeline\\Pipeline::carry():194}:195}()
#60 /home/user/PAT-v2/vendor/laravel/framework/src/Illuminate/Pipeline/Pipeline.php(219): Illuminate\\Http\\Middleware\\TrustProxies->handle()
#61 /home/user/PAT-v2/vendor/laravel/framework/src/Illuminate/Foundation/Http/Middleware/InvokeDeferredCallbacks.php(22): Illuminate\\Pipeline\\Pipeline->{closure:{closure:Illuminate\\Pipeline\\Pipeline::carry():194}:195}()
#62 /home/user/PAT-v2/vendor/laravel/framework/src/Illuminate/Pipeline/Pipeline.php(219): Illuminate\\Foundation\\Http\\Middleware\\InvokeDeferredCallbacks->handle()
#63 /home/user/PAT-v2/vendor/laravel/framework/src/Illuminate/Http/Middleware/ValidatePathEncoding.php(26): Illuminate\\Pipeline\\Pipeline->{closure:{closure:Illuminate\\Pipeline\\Pipeline::carry():194}:195}()
#64 /home/user/PAT-v2/vendor/laravel/framework/src/Illuminate/Pipeline/Pipeline.php(219): Illuminate\\Http\\Middleware\\ValidatePathEncoding->handle()
#65 /home/user/PAT-v2/vendor/laravel/framework/src/Illuminate/Pipeline/Pipeline.php(137): Illuminate\\Pipeline\\Pipeline->{closure:{closure:Illuminate\\Pipeline\\Pipeline::carry():194}:195}()
#66 /home/user/PAT-v2/vendor/laravel/framework/src/Illuminate/Foundation/Http/Kernel.php(175): Illuminate\\Pipeline\\Pipeline->then()
#67 /home/user/PAT-v2/vendor/laravel/framework/src/Illuminate/Foundation/Http/Kernel.php(144): Illuminate\\Foundation\\Http\\Kernel->sendRequestThroughRouter()
#68 /home/user/PAT-v2/vendor/laravel/framework/src/Illuminate/Foundation/Testing/Concerns/MakesHttpRequests.php(607): Illuminate\\Foundation\\Http\\Kernel->handle()
#69 /home/user/PAT-v2/vendor/laravel/framework/src/Illuminate/Foundation/Testing/Concerns/MakesHttpRequests.php(368): Illuminate\\Foundation\\Testing\\TestCase->call()
#70 /home/user/PAT-v2/tests/Feature/ActivityPurposeTest.php(30): Illuminate\\Foundation\\Testing\\TestCase->get()
#71 /home/user/PAT-v2/vendor/pestphp/pest/src/Factories/TestCaseMethodFactory.php(171): P\\Tests\\Feature\\ActivityPurposeTest->{closure:/home/user/PAT-v2/tests/Feature/ActivityPurposeTest.php:26}()
#72 [internal function]: P\\Tests\\Feature\\ActivityPurposeTest->{closure:Pest\\Factories\\TestCaseMethodFactory::getClosure():161}()
#73 /home/user/PAT-v2/vendor/pestphp/pest/src/Concerns/Testable.php(419): call_user_func_array()
#74 /home/user/PAT-v2/vendor/pestphp/pest/src/Support/ExceptionTrace.php(26): P\\Tests\\Feature\\ActivityPurposeTest->{closure:Pest\\Concerns\\Testable::__callClosure():419}()
#75 /home/user/PAT-v2/vendor/pestphp/pest/src/Concerns/Testable.php(419): Pest\\Support\\ExceptionTrace::ensure()
#76 /home/user/PAT-v2/vendor/pestphp/pest/src/Concerns/Testable.php(321): P\\Tests\\Feature\\ActivityPurposeTest->__callClosure()
#77 /home/user/PAT-v2/vendor/pestphp/pest/src/Factories/TestCaseFactory.php(170) : eval()'d code(26): P\\Tests\\Feature\\ActivityPurposeTest->__runTest()
#78 /home/user/PAT-v2/vendor/phpunit/phpunit/src/Framework/TestCase.php(1667): P\\Tests\\Feature\\ActivityPurposeTest->__pest_evaluable_it_non_admins_cannot_manage_activity_purposes()
#79 /home/user/PAT-v2/vendor/phpunit/phpunit/src/Framework/TestCase.php(519): PHPUnit\\Framework\\TestCase->runTest()
#80 /home/user/PAT-v2/vendor/phpunit/phpunit/src/Framework/TestRunner/TestRunner.php(87): PHPUnit\\Framework\\TestCase->runBare()
#81 /home/user/PAT-v2/vendor/phpunit/phpunit/src/Framework/TestCase.php(365): PHPUnit\\Framework\\TestRunner->run()
#82 /home/user/PAT-v2/vendor/phpunit/phpunit/src/Framework/TestSuite.php(369): PHPUnit\\Framework\\TestCase->run()
#83 /home/user/PAT-v2/vendor/phpunit/phpunit/src/Framework/TestSuite.php(369): PHPUnit\\Framework\\TestSuite->run()
#84 /home/user/PAT-v2/vendor/phpunit/phpunit/src/Framework/TestSuite.php(369): PHPUnit\\Framework\\TestSuite->run()
#85 /home/user/PAT-v2/vendor/phpunit/phpunit/src/TextUI/TestRunner.php(64): PHPUnit\\Framework\\TestSuite->run()
#86 /home/user/PAT-v2/vendor/phpunit/phpunit/src/TextUI/Application.php(211): PHPUnit\\TextUI\\TestRunner->run()
#87 /home/user/PAT-v2/vendor/pestphp/pest/src/Kernel.php(103): PHPUnit\\TextUI\\Application->run()
#88 /home/user/PAT-v2/vendor/pestphp/pest/bin/pest(184): Pest\\Kernel->handle()
#89 /home/user/PAT-v2/vendor/pestphp/pest/bin/pest(192): {closure:/home/user/PAT-v2/vendor/pestphp/pest/bin/pest:18}()
#90 /home/user/PAT-v2/vendor/bin/pest(119): include('...')
#91 {main}
"} 
[2026-04-23 10:50:39] testing.ERROR: Please provide a valid cache path. {"userId":1,"exception":"[object] (InvalidArgumentException(code: 0): Please provide a valid cache path. at /home/user/PAT-v2/vendor/laravel/framework/src/Illuminate/View/Compilers/Compiler.php:75)
[stacktrace]
#0 /home/user/PAT-v2/vendor/laravel/framework/src/Illuminate/View/ViewServiceProvider.php(97): Illuminate\\View\\Compilers\\Compiler->__construct()
#1 /home/user/PAT-v2/vendor/laravel/framework/src/Illuminate/Container/Container.php(1115): Illuminate\\View\\ViewServiceProvider->{closure:Illuminate\\View\\ViewServiceProvider::registerBladeCompiler():96}()
#2 /home/user/PAT-v2/vendor/laravel/framework/src/Illuminate/Container/Container.php(933): Illuminate\\Container\\Container->build()
#3 /home/user/PAT-v2/vendor/laravel/framework/src/Illuminate/Foundation/Application.php(1078): Illuminate\\Container\\Container->resolve()
#4 /home/user/PAT-v2/vendor/laravel/framework/src/Illuminate/Container/Container.php(864): Illuminate\\Foundation\\Application->resolve()
#5 /home/user/PAT-v2/vendor/laravel/framework/src/Illuminate/Foundation/Application.php(1058): Illuminate\\Container\\Container->make()
#6 /home/user/PAT-v2/vendor/laravel/framework/src/Illuminate/View/ViewServiceProvider.php(169): Illuminate\\Foundation\\Application->make()
#7 [internal function]: Illuminate\\View\\ViewServiceProvider->{closure:Illuminate\\View\\ViewServiceProvider::registerBladeEngine():165}()
#8 /home/user/PAT-v2/vendor/laravel/framework/src/Illuminate/View/Engines/EngineResolver.php(55): call_user_func()
#9 /home/user/PAT-v2/vendor/laravel/framework/src/Illuminate/View/Factory.php(325): Illuminate\\View\\Engines\\EngineResolver->resolve()
#10 /home/user/PAT-v2/vendor/laravel/framework/src/Illuminate/View/Factory.php(287): Illuminate\\View\\Factory->getEngineFromPath()
#11 /home/user/PAT-v2/vendor/laravel/framework/src/Illuminate/View/Factory.php(159): Illuminate\\View\\Factory->viewInstance()
#12 /home/user/PAT-v2/vendor/laravel/framework/src/Illuminate/Routing/ResponseFactory.php(91): Illuminate\\View\\Factory->make()
#13 /home/user/PAT-v2/vendor/laravel/framework/src/Illuminate/Foundation/Exceptions/Handler.php(926): Illuminate\\Routing\\ResponseFactory->view()
#14 /home/user/PAT-v2/vendor/laravel/framework/src/Illuminate/Foundation/Exceptions/Handler.php(847): Illuminate\\Foundation\\Exceptions\\Handler->renderHttpException()
#15 /home/user/PAT-v2/vendor/laravel/framework/src/Illuminate/Foundation/Exceptions/Handler.php(738): Illuminate\\Foundation\\Exceptions\\Handler->prepareResponse()
#16 /home/user/PAT-v2/vendor/laravel/framework/src/Illuminate/Foundation/Exceptions/Handler.php(626): Illuminate\\Foundation\\Exceptions\\Handler->renderExceptionResponse()
#17 /home/user/PAT-v2/vendor/laravel/framework/src/Illuminate/Routing/Pipeline.php(51): Illuminate\\Foundation\\Exceptions\\Handler->render()
#18 /home/user/PAT-v2/vendor/laravel/framework/src/Illuminate/Pipeline/Pipeline.php(224): Illuminate\\Routing\\Pipeline->handleException()
#19 /home/user/PAT-v2/vendor/laravel/framework/src/Illuminate/Auth/Middleware/EnsureEmailIsVerified.php(41): Illuminate\\Pipeline\\Pipeline->{closure:{closure:Illuminate\\Pipeline\\Pipeline::carry():194}:195}()
#20 /home/user/PAT-v2/vendor/laravel/framework/src/Illuminate/Pipeline/Pipeline.php(219): Illuminate\\Auth\\Middleware\\EnsureEmailIsVerified->handle()
#21 /home/user/PAT-v2/vendor/laravel/framework/src/Illuminate/Http/Middleware/AddLinkHeadersForPreloadedAssets.php(32): Illuminate\\Pipeline\\Pipeline->{closure:{closure:Illuminate\\Pipeline\\Pipeline::carry():194}:195}()
#22 /home/user/PAT-v2/vendor/laravel/framework/src/Illuminate/Pipeline/Pipeline.php(219): Illuminate\\Http\\Middleware\\AddLinkHeadersForPreloadedAssets->handle()
#23 /home/user/PAT-v2/vendor/inertiajs/inertia-laravel/src/Middleware.php(122): Illuminate\\Pipeline\\Pipeline->{closure:{closure:Illuminate\\Pipeline\\Pipeline::carry():194}:195}()
#24 /home/user/PAT-v2/vendor/laravel/framework/src/Illuminate/Pipeline/Pipeline.php(219): Inertia\\Middleware->handle()
#25 /home/user/PAT-v2/vendor/laravel/framework/src/Illuminate/Routing/Middleware/SubstituteBindings.php(50): Illuminate\\Pipeline\\Pipeline->{closure:{closure:Illuminate\\Pipeline\\Pipeline::carry():194}:195}()
#26 /home/user/PAT-v2/vendor/laravel/framework/src/Illuminate/Pipeline/Pipeline.php(219): Illuminate\\Routing\\Middleware\\SubstituteBindings->handle()
#27 /home/user/PAT-v2/vendor/laravel/framework/src/Illuminate/Auth/Middleware/Authenticate.php(63): Illuminate\\Pipeline\\Pipeline->{closure:{closure:Illuminate\\Pipeline\\Pipeline::carry():194}:195}()
#28 /home/user/PAT-v2/vendor/laravel/framework/src/Illuminate/Pipeline/Pipeline.php(219): Illuminate\\Auth\\Middleware\\Authenticate->handle()
#29 /home/user/PAT-v2/vendor/laravel/framework/src/Illuminate/Foundation/Http/Middleware/VerifyCsrfToken.php(87): Illuminate\\Pipeline\\Pipeline->{closure:{closure:Illuminate\\Pipeline\\Pipeline::carry():194}:195}()
#30 /home/user/PAT-v2/vendor/laravel/framework/src/Illuminate/Pipeline/Pipeline.php(219): Illuminate\\Foundation\\Http\\Middleware\\VerifyCsrfToken->handle()
#31 /home/user/PAT-v2/vendor/laravel/framework/src/Illuminate/View/Middleware/ShareErrorsFromSession.php(48): Illuminate\\Pipeline\\Pipeline->{closure:{closure:Illuminate\\Pipeline\\Pipeline::carry():194}:195}()
#32 /home/user/PAT-v2/vendor/laravel/framework/src/Illuminate/Pipeline/Pipeline.php(219): Illuminate\\View\\Middleware\\ShareErrorsFromSession->handle()
#33 /home/user/PAT-v2/vendor/laravel/framework/src/Illuminate/Session/Middleware/StartSession.php(120): Illuminate\\Pipeline\\Pipeline->{closure:{closure:Illuminate\\Pipeline\\Pipeline::carry():194}:195}()
#34 /home/user/PAT-v2/vendor/laravel/framework/src/Illuminate/Session/Middleware/StartSession.php(63): Illuminate\\Session\\Middleware\\StartSession->handleStatefulRequest()
#35 /home/user/PAT-v2/vendor/laravel/framework/src/Illuminate/Pipeline/Pipeline.php(219): Illuminate\\Session\\Middleware\\StartSession->handle()
#36 /home/user/PAT-v2/vendor/laravel/framework/src/Illuminate/Cookie/Middleware/AddQueuedCookiesToResponse.php(36): Illuminate\\Pipeline\\Pipeline->{closure:{closure:Illuminate\\Pipeline\\Pipeline::carry():194}:195}()
#37 /home/user/PAT-v2/vendor/laravel/framework/src/Illuminate/Pipeline/Pipeline.php(219): Illuminate\\Cookie\\Middleware\\AddQueuedCookiesToResponse->handle()
#38 /home/user/PAT-v2/vendor/laravel/framework/src/Illuminate/Cookie/Middleware/EncryptCookies.php(74): Illuminate\\Pipeline\\Pipeline->{closure:{closure:Illuminate\\Pipeline\\Pipeline::carry():194}:195}()
#39 /home/user/PAT-v2/vendor/laravel/framework/src/Illuminate/Pipeline/Pipeline.php(219): Illuminate\\Cookie\\Middleware\\EncryptCookies->handle()
#40 /home/user/PAT-v2/vendor/laravel/framework/src/Illuminate/Pipeline/Pipeline.php(137): Illuminate\\Pipeline\\Pipeline->{closure:{closure:Illuminate\\Pipeline\\Pipeline::carry():194}:195}()
#41 /home/user/PAT-v2/vendor/laravel/framework/src/Illuminate/Routing/Router.php(821): Illuminate\\Pipeline\\Pipeline->then()
#42 /home/user/PAT-v2/vendor/laravel/framework/src/Illuminate/Routing/Router.php(800): Illuminate\\Routing\\Router->runRouteWithinStack()
#43 /home/user/PAT-v2/vendor/laravel/framework/src/Illuminate/Routing/Router.php(764): Illuminate\\Routing\\Router->runRoute()
#44 /home/user/PAT-v2/vendor/laravel/framework/src/Illuminate/Routing/Router.php(753): Illuminate\\Routing\\Router->dispatchToRoute()
#45 /home/user/PAT-v2/vendor/laravel/framework/src/Illuminate/Foundation/Http/Kernel.php(200): Illuminate\\Routing\\Router->dispatch()
#46 /home/user/PAT-v2/vendor/laravel/framework/src/Illuminate/Pipeline/Pipeline.php(180): Illuminate\\Foundation\\Http\\Kernel->{closure:Illuminate\\Foundation\\Http\\Kernel::dispatchToRouter():197}()
#47 /home/user/PAT-v2/vendor/laravel/framework/src/Illuminate/Foundation/Http/Middleware/TransformsRequest.php(21): Illuminate\\Pipeline\\Pipeline->{closure:Illuminate\\Pipeline\\Pipeline::prepareDestination():178}()
#48 /home/user/PAT-v2/vendor/laravel/framework/src/Illuminate/Foundation/Http/Middleware/ConvertEmptyStringsToNull.php(31): Illuminate\\Foundation\\Http\\Middleware\\TransformsRequest->handle()
#49 /home/user/PAT-v2/vendor/laravel/framework/src/Illuminate/Pipeline/Pipeline.php(219): Illuminate\\Foundation\\Http\\Middleware\\ConvertEmptyStringsToNull->handle()
#50 /home/user/PAT-v2/vendor/laravel/framework/src/Illuminate/Foundation/Http/Middleware/TransformsRequest.php(21): Illuminate\\Pipeline\\Pipeline->{closure:{closure:Illuminate\\Pipeline\\Pipeline::carry():194}:195}()
#51 /home/user/PAT-v2/vendor/laravel/framework/src/Illuminate/Foundation/Http/Middleware/TrimStrings.php(51): Illuminate\\Foundation\\Http\\Middleware\\TransformsRequest->handle()
#52 /home/user/PAT-v2/vendor/laravel/framework/src/Illuminate/Pipeline/Pipeline.php(219): Illuminate\\Foundation\\Http\\Middleware\\TrimStrings->handle()
#53 /home/user/PAT-v2/vendor/laravel/framework/src/Illuminate/Http/Middleware/ValidatePostSize.php(27): Illuminate\\Pipeline\\Pipeline->{closure:{closure:Illuminate\\Pipeline\\Pipeline::carry():194}:195}()
#54 /home/user/PAT-v2/vendor/laravel/framework/src/Illuminate/Pipeline/Pipeline.php(219): Illuminate\\Http\\Middleware\\ValidatePostSize->handle()
#55 /home/user/PAT-v2/vendor/laravel/framework/src/Illuminate/Foundation/Http/Middleware/PreventRequestsDuringMaintenance.php(109): Illuminate\\Pipeline\\Pipeline->{closure:{closure:Illuminate\\Pipeline\\Pipeline::carry():194}:195}()
#56 /home/user/PAT-v2/vendor/laravel/framework/src/Illuminate/Pipeline/Pipeline.php(219): Illuminate\\Foundation\\Http\\Middleware\\PreventRequestsDuringMaintenance->handle()
#57 /home/user/PAT-v2/vendor/laravel/framework/src/Illuminate/Http/Middleware/HandleCors.php(61): Illuminate\\Pipeline\\Pipeline->{closure:{closure:Illuminate\\Pipeline\\Pipeline::carry():194}:195}()
#58 /home/user/PAT-v2/vendor/laravel/framework/src/Illuminate/Pipeline/Pipeline.php(219): Illuminate\\Http\\Middleware\\HandleCors->handle()
#59 /home/user/PAT-v2/vendor/laravel/framework/src/Illuminate/Http/Middleware/TrustProxies.php(58): Illuminate\\Pipeline\\Pipeline->{closure:{closure:Illuminate\\Pipeline\\Pipeline::carry():194}:195}()
#60 /home/user/PAT-v2/vendor/laravel/framework/src/Illuminate/Pipeline/Pipeline.php(219): Illuminate\\Http\\Middleware\\TrustProxies->handle()
#61 /home/user/PAT-v2/vendor/laravel/framework/src/Illuminate/Foundation/Http/Middleware/InvokeDeferredCallbacks.php(22): Illuminate\\Pipeline\\Pipeline->{closure:{closure:Illuminate\\Pipeline\\Pipeline::carry():194}:195}()
#62 /home/user/PAT-v2/vendor/laravel/framework/src/Illuminate/Pipeline/Pipeline.php(219): Illuminate\\Foundation\\Http\\Middleware\\InvokeDeferredCallbacks->handle()
#63 /home/user/PAT-v2/vendor/laravel/framework/src/Illuminate/Http/Middleware/ValidatePathEncoding.php(26): Illuminate\\Pipeline\\Pipeline->{closure:{closure:Illuminate\\Pipeline\\Pipeline::carry():194}:195}()
#64 /home/user/PAT-v2/vendor/laravel/framework/src/Illuminate/Pipeline/Pipeline.php(219): Illuminate\\Http\\Middleware\\ValidatePathEncoding->handle()
#65 /home/user/PAT-v2/vendor/laravel/framework/src/Illuminate/Pipeline/Pipeline.php(137): Illuminate\\Pipeline\\Pipeline->{closure:{closure:Illuminate\\Pipeline\\Pipeline::carry():194}:195}()
#66 /home/user/PAT-v2/vendor/laravel/framework/src/Illuminate/Foundation/Http/Kernel.php(175): Illuminate\\Pipeline\\Pipeline->then()
#67 /home/user/PAT-v2/vendor/laravel/framework/src/Illuminate/Foundation/Http/Kernel.php(144): Illuminate\\Foundation\\Http\\Kernel->sendRequestThroughRouter()
#68 /home/user/PAT-v2/vendor/laravel/framework/src/Illuminate/Foundation/Testing/Concerns/MakesHttpRequests.php(607): Illuminate\\Foundation\\Http\\Kernel->handle()
#69 /home/user/PAT-v2/vendor/laravel/framework/src/Illuminate/Foundation/Testing/Concerns/MakesHttpRequests.php(457): Illuminate\\Foundation\\Testing\\TestCase->call()
#70 /home/user/PAT-v2/tests/Feature/ApprovalTest.php(128): Illuminate\\Foundation\\Testing\\TestCase->patch()
#71 /home/user/PAT-v2/vendor/pestphp/pest/src/Factories/TestCaseMethodFactory.php(171): P\\Tests\\Feature\\ApprovalTest->{closure:/home/user/PAT-v2/tests/Feature/ApprovalTest.php:100}()
#72 [internal function]: P\\Tests\\Feature\\ApprovalTest->{closure:Pest\\Factories\\TestCaseMethodFactory::getClosure():161}()
#73 /home/user/PAT-v2/vendor/pestphp/pest/src/Concerns/Testable.php(419): call_user_func_array()
#74 /home/user/PAT-v2/vendor/pestphp/pest/src/Support/ExceptionTrace.php(26): P\\Tests\\Feature\\ApprovalTest->{closure:Pest\\Concerns\\Testable::__callClosure():419}()
#75 /home/user/PAT-v2/vendor/pestphp/pest/src/Concerns/Testable.php(419): Pest\\Support\\ExceptionTrace::ensure()
#76 /home/user/PAT-v2/vendor/pestphp/pest/src/Concerns/Testable.php(321): P\\Tests\\Feature\\ApprovalTest->__callClosure()
#77 /home/user/PAT-v2/vendor/pestphp/pest/src/Factories/TestCaseFactory.php(170) : eval()'d code(35): P\\Tests\\Feature\\ApprovalTest->__runTest()
#78 /home/user/PAT-v2/vendor/phpunit/phpunit/src/Framework/TestCase.php(1667): P\\Tests\\Feature\\ApprovalTest->__pest_evaluable_it_students_cannot_approve()
#79 /home/user/PAT-v2/vendor/phpunit/phpunit/src/Framework/TestCase.php(519): PHPUnit\\Framework\\TestCase->runTest()
#80 /home/user/PAT-v2/vendor/phpunit/phpunit/src/Framework/TestRunner/TestRunner.php(87): PHPUnit\\Framework\\TestCase->runBare()
#81 /home/user/PAT-v2/vendor/phpunit/phpunit/src/Framework/TestCase.php(365): PHPUnit\\Framework\\TestRunner->run()
#82 /home/user/PAT-v2/vendor/phpunit/phpunit/src/Framework/TestSuite.php(369): PHPUnit\\Framework\\TestCase->run()
#83 /home/user/PAT-v2/vendor/phpunit/phpunit/src/Framework/TestSuite.php(369): PHPUnit\\Framework\\TestSuite->run()
#84 /home/user/PAT-v2/vendor/phpunit/phpunit/src/Framework/TestSuite.php(369): PHPUnit\\Framework\\TestSuite->run()
#85 /home/user/PAT-v2/vendor/phpunit/phpunit/src/TextUI/TestRunner.php(64): PHPUnit\\Framework\\TestSuite->run()
#86 /home/user/PAT-v2/vendor/phpunit/phpunit/src/TextUI/Application.php(211): PHPUnit\\TextUI\\TestRunner->run()
#87 /home/user/PAT-v2/vendor/pestphp/pest/src/Kernel.php(103): PHPUnit\\TextUI\\Application->run()
#88 /home/user/PAT-v2/vendor/pestphp/pest/bin/pest(184): Pest\\Kernel->handle()
#89 /home/user/PAT-v2/vendor/pestphp/pest/bin/pest(192): {closure:/home/user/PAT-v2/vendor/pestphp/pest/bin/pest:18}()
#90 /home/user/PAT-v2/vendor/bin/pest(119): include('...')
#91 {main}
"} 
[2026-04-23 10:50:39] testing.ERROR: Please provide a valid cache path. {"userId":1,"exception":"[object] (InvalidArgumentException(code: 0): Please provide a valid cache path. at /home/user/PAT-v2/vendor/laravel/framework/src/Illuminate/View/Compilers/Compiler.php:75)
[stacktrace]
#0 /home/user/PAT-v2/vendor/laravel/framework/src/Illuminate/View/ViewServiceProvider.php(97): Illuminate\\View\\Compilers\\Compiler->__construct()
#1 /home/user/PAT-v2/vendor/laravel/framework/src/Illuminate/Container/Container.php(1115): Illuminate\\View\\ViewServiceProvider->{closure:Illuminate\\View\\ViewServiceProvider::registerBladeCompiler():96}()
#2 /home/user/PAT-v2/vendor/laravel/framework/src/Illuminate/Container/Container.php(933): Illuminate\\Container\\Container->build()
#3 /home/user/PAT-v2/vendor/laravel/framework/src/Illuminate/Foundation/Application.php(1078): Illuminate\\Container\\Container->resolve()
#4 /home/user/PAT-v2/vendor/laravel/framework/src/Illuminate/Container/Container.php(864): Illuminate\\Foundation\\Application->resolve()
#5 /home/user/PAT-v2/vendor/laravel/framework/src/Illuminate/Foundation/Application.php(1058): Illuminate\\Container\\Container->make()
#6 /home/user/PAT-v2/vendor/laravel/framework/src/Illuminate/View/ViewServiceProvider.php(169): Illuminate\\Foundation\\Application->make()
#7 [internal function]: Illuminate\\View\\ViewServiceProvider->{closure:Illuminate\\View\\ViewServiceProvider::registerBladeEngine():165}()
#8 /home/user/PAT-v2/vendor/laravel/framework/src/Illuminate/View/Engines/EngineResolver.php(55): call_user_func()
#9 /home/user/PAT-v2/vendor/laravel/framework/src/Illuminate/View/Factory.php(325): Illuminate\\View\\Engines\\EngineResolver->resolve()
#10 /home/user/PAT-v2/vendor/laravel/framework/src/Illuminate/View/Factory.php(287): Illuminate\\View\\Factory->getEngineFromPath()
#11 /home/user/PAT-v2/vendor/laravel/framework/src/Illuminate/View/Factory.php(159): Illuminate\\View\\Factory->viewInstance()
#12 /home/user/PAT-v2/vendor/laravel/framework/src/Illuminate/Routing/ResponseFactory.php(91): Illuminate\\View\\Factory->make()
#13 /home/user/PAT-v2/vendor/laravel/framework/src/Illuminate/Foundation/Exceptions/Handler.php(926): Illuminate\\Routing\\ResponseFactory->view()
#14 /home/user/PAT-v2/vendor/laravel/framework/src/Illuminate/Foundation/Exceptions/Handler.php(847): Illuminate\\Foundation\\Exceptions\\Handler->renderHttpException()
#15 /home/user/PAT-v2/vendor/laravel/framework/src/Illuminate/Foundation/Exceptions/Handler.php(738): Illuminate\\Foundation\\Exceptions\\Handler->prepareResponse()
#16 /home/user/PAT-v2/vendor/laravel/framework/src/Illuminate/Foundation/Exceptions/Handler.php(626): Illuminate\\Foundation\\Exceptions\\Handler->renderExceptionResponse()
#17 /home/user/PAT-v2/vendor/laravel/framework/src/Illuminate/Routing/Pipeline.php(51): Illuminate\\Foundation\\Exceptions\\Handler->render()
#18 /home/user/PAT-v2/vendor/laravel/framework/src/Illuminate/Pipeline/Pipeline.php(224): Illuminate\\Routing\\Pipeline->handleException()
#19 /home/user/PAT-v2/vendor/laravel/framework/src/Illuminate/Auth/Middleware/EnsureEmailIsVerified.php(41): Illuminate\\Pipeline\\Pipeline->{closure:{closure:Illuminate\\Pipeline\\Pipeline::carry():194}:195}()
#20 /home/user/PAT-v2/vendor/laravel/framework/src/Illuminate/Pipeline/Pipeline.php(219): Illuminate\\Auth\\Middleware\\EnsureEmailIsVerified->handle()
#21 /home/user/PAT-v2/vendor/laravel/framework/src/Illuminate/Http/Middleware/AddLinkHeadersForPreloadedAssets.php(32): Illuminate\\Pipeline\\Pipeline->{closure:{closure:Illuminate\\Pipeline\\Pipeline::carry():194}:195}()
#22 /home/user/PAT-v2/vendor/laravel/framework/src/Illuminate/Pipeline/Pipeline.php(219): Illuminate\\Http\\Middleware\\AddLinkHeadersForPreloadedAssets->handle()
#23 /home/user/PAT-v2/vendor/inertiajs/inertia-laravel/src/Middleware.php(122): Illuminate\\Pipeline\\Pipeline->{closure:{closure:Illuminate\\Pipeline\\Pipeline::carry():194}:195}()
#24 /home/user/PAT-v2/vendor/laravel/framework/src/Illuminate/Pipeline/Pipeline.php(219): Inertia\\Middleware->handle()
#25 /home/user/PAT-v2/vendor/laravel/framework/src/Illuminate/Routing/Middleware/SubstituteBindings.php(50): Illuminate\\Pipeline\\Pipeline->{closure:{closure:Illuminate\\Pipeline\\Pipeline::carry():194}:195}()
#26 /home/user/PAT-v2/vendor/laravel/framework/src/Illuminate/Pipeline/Pipeline.php(219): Illuminate\\Routing\\Middleware\\SubstituteBindings->handle()
#27 /home/user/PAT-v2/vendor/laravel/framework/src/Illuminate/Auth/Middleware/Authenticate.php(63): Illuminate\\Pipeline\\Pipeline->{closure:{closure:Illuminate\\Pipeline\\Pipeline::carry():194}:195}()
#28 /home/user/PAT-v2/vendor/laravel/framework/src/Illuminate/Pipeline/Pipeline.php(219): Illuminate\\Auth\\Middleware\\Authenticate->handle()
#29 /home/user/PAT-v2/vendor/laravel/framework/src/Illuminate/Foundation/Http/Middleware/VerifyCsrfToken.php(87): Illuminate\\Pipeline\\Pipeline->{closure:{closure:Illuminate\\Pipeline\\Pipeline::carry():194}:195}()
#30 /home/user/PAT-v2/vendor/laravel/framework/src/Illuminate/Pipeline/Pipeline.php(219): Illuminate\\Foundation\\Http\\Middleware\\VerifyCsrfToken->handle()
#31 /home/user/PAT-v2/vendor/laravel/framework/src/Illuminate/View/Middleware/ShareErrorsFromSession.php(48): Illuminate\\Pipeline\\Pipeline->{closure:{closure:Illuminate\\Pipeline\\Pipeline::carry():194}:195}()
#32 /home/user/PAT-v2/vendor/laravel/framework/src/Illuminate/Pipeline/Pipeline.php(219): Illuminate\\View\\Middleware\\ShareErrorsFromSession->handle()
#33 /home/user/PAT-v2/vendor/laravel/framework/src/Illuminate/Session/Middleware/StartSession.php(120): Illuminate\\Pipeline\\Pipeline->{closure:{closure:Illuminate\\Pipeline\\Pipeline::carry():194}:195}()
#34 /home/user/PAT-v2/vendor/laravel/framework/src/Illuminate/Session/Middleware/StartSession.php(63): Illuminate\\Session\\Middleware\\StartSession->handleStatefulRequest()
#35 /home/user/PAT-v2/vendor/laravel/framework/src/Illuminate/Pipeline/Pipeline.php(219): Illuminate\\Session\\Middleware\\StartSession->handle()
#36 /home/user/PAT-v2/vendor/laravel/framework/src/Illuminate/Cookie/Middleware/AddQueuedCookiesToResponse.php(36): Illuminate\\Pipeline\\Pipeline->{closure:{closure:Illuminate\\Pipeline\\Pipeline::carry():194}:195}()
#37 /home/user/PAT-v2/vendor/laravel/framework/src/Illuminate/Pipeline/Pipeline.php(219): Illuminate\\Cookie\\Middleware\\AddQueuedCookiesToResponse->handle()
#38 /home/user/PAT-v2/vendor/laravel/framework/src/Illuminate/Cookie/Middleware/EncryptCookies.php(74): Illuminate\\Pipeline\\Pipeline->{closure:{closure:Illuminate\\Pipeline\\Pipeline::carry():194}:195}()
#39 /home/user/PAT-v2/vendor/laravel/framework/src/Illuminate/Pipeline/Pipeline.php(219): Illuminate\\Cookie\\Middleware\\EncryptCookies->handle()
#40 /home/user/PAT-v2/vendor/laravel/framework/src/Illuminate/Pipeline/Pipeline.php(137): Illuminate\\Pipeline\\Pipeline->{closure:{closure:Illuminate\\Pipeline\\Pipeline::carry():194}:195}()
#41 /home/user/PAT-v2/vendor/laravel/framework/src/Illuminate/Routing/Router.php(821): Illuminate\\Pipeline\\Pipeline->then()
#42 /home/user/PAT-v2/vendor/laravel/framework/src/Illuminate/Routing/Router.php(800): Illuminate\\Routing\\Router->runRouteWithinStack()
#43 /home/user/PAT-v2/vendor/laravel/framework/src/Illuminate/Routing/Router.php(764): Illuminate\\Routing\\Router->runRoute()
#44 /home/user/PAT-v2/vendor/laravel/framework/src/Illuminate/Routing/Router.php(753): Illuminate\\Routing\\Router->dispatchToRoute()
#45 /home/user/PAT-v2/vendor/laravel/framework/src/Illuminate/Foundation/Http/Kernel.php(200): Illuminate\\Routing\\Router->dispatch()
#46 /home/user/PAT-v2/vendor/laravel/framework/src/Illuminate/Pipeline/Pipeline.php(180): Illuminate\\Foundation\\Http\\Kernel->{closure:Illuminate\\Foundation\\Http\\Kernel::dispatchToRouter():197}()
#47 /home/user/PAT-v2/vendor/laravel/framework/src/Illuminate/Foundation/Http/Middleware/TransformsRequest.php(21): Illuminate\\Pipeline\\Pipeline->{closure:Illuminate\\Pipeline\\Pipeline::prepareDestination():178}()
#48 /home/user/PAT-v2/vendor/laravel/framework/src/Illuminate/Foundation/Http/Middleware/ConvertEmptyStringsToNull.php(31): Illuminate\\Foundation\\Http\\Middleware\\TransformsRequest->handle()
#49 /home/user/PAT-v2/vendor/laravel/framework/src/Illuminate/Pipeline/Pipeline.php(219): Illuminate\\Foundation\\Http\\Middleware\\ConvertEmptyStringsToNull->handle()
#50 /home/user/PAT-v2/vendor/laravel/framework/src/Illuminate/Foundation/Http/Middleware/TransformsRequest.php(21): Illuminate\\Pipeline\\Pipeline->{closure:{closure:Illuminate\\Pipeline\\Pipeline::carry():194}:195}()
#51 /home/user/PAT-v2/vendor/laravel/framework/src/Illuminate/Foundation/Http/Middleware/TrimStrings.php(51): Illuminate\\Foundation\\Http\\Middleware\\TransformsRequest->handle()
#52 /home/user/PAT-v2/vendor/laravel/framework/src/Illuminate/Pipeline/Pipeline.php(219): Illuminate\\Foundation\\Http\\Middleware\\TrimStrings->handle()
#53 /home/user/PAT-v2/vendor/laravel/framework/src/Illuminate/Http/Middleware/ValidatePostSize.php(27): Illuminate\\Pipeline\\Pipeline->{closure:{closure:Illuminate\\Pipeline\\Pipeline::carry():194}:195}()
#54 /home/user/PAT-v2/vendor/laravel/framework/src/Illuminate/Pipeline/Pipeline.php(219): Illuminate\\Http\\Middleware\\ValidatePostSize->handle()
#55 /home/user/PAT-v2/vendor/laravel/framework/src/Illuminate/Foundation/Http/Middleware/PreventRequestsDuringMaintenance.php(109): Illuminate\\Pipeline\\Pipeline->{closure:{closure:Illuminate\\Pipeline\\Pipeline::carry():194}:195}()
#56 /home/user/PAT-v2/vendor/laravel/framework/src/Illuminate/Pipeline/Pipeline.php(219): Illuminate\\Foundation\\Http\\Middleware\\PreventRequestsDuringMaintenance->handle()
#57 /home/user/PAT-v2/vendor/laravel/framework/src/Illuminate/Http/Middleware/HandleCors.php(61): Illuminate\\Pipeline\\Pipeline->{closure:{closure:Illuminate\\Pipeline\\Pipeline::carry():194}:195}()
#58 /home/user/PAT-v2/vendor/laravel/framework/src/Illuminate/Pipeline/Pipeline.php(219): Illuminate\\Http\\Middleware\\HandleCors->handle()
#59 /home/user/PAT-v2/vendor/laravel/framework/src/Illuminate/Http/Middleware/TrustProxies.php(58): Illuminate\\Pipeline\\Pipeline->{closure:{closure:Illuminate\\Pipeline\\Pipeline::carry():194}:195}()
#60 /home/user/PAT-v2/vendor/laravel/framework/src/Illuminate/Pipeline/Pipeline.php(219): Illuminate\\Http\\Middleware\\TrustProxies->handle()
#61 /home/user/PAT-v2/vendor/laravel/framework/src/Illuminate/Foundation/Http/Middleware/InvokeDeferredCallbacks.php(22): Illuminate\\Pipeline\\Pipeline->{closure:{closure:Illuminate\\Pipeline\\Pipeline::carry():194}:195}()
#62 /home/user/PAT-v2/vendor/laravel/framework/src/Illuminate/Pipeline/Pipeline.php(219): Illuminate\\Foundation\\Http\\Middleware\\InvokeDeferredCallbacks->handle()
#63 /home/user/PAT-v2/vendor/laravel/framework/src/Illuminate/Http/Middleware/ValidatePathEncoding.php(26): Illuminate\\Pipeline\\Pipeline->{closure:{closure:Illuminate\\Pipeline\\Pipeline::carry():194}:195}()
#64 /home/user/PAT-v2/vendor/laravel/framework/src/Illuminate/Pipeline/Pipeline.php(219): Illuminate\\Http\\Middleware\\ValidatePathEncoding->handle()
#65 /home/user/PAT-v2/vendor/laravel/framework/src/Illuminate/Pipeline/Pipeline.php(137): Illuminate\\Pipeline\\Pipeline->{closure:{closure:Illuminate\\Pipeline\\Pipeline::carry():194}:195}()
#66 /home/user/PAT-v2/vendor/laravel/framework/src/Illuminate/Foundation/Http/Kernel.php(175): Illuminate\\Pipeline\\Pipeline->then()
#67 /home/user/PAT-v2/vendor/laravel/framework/src/Illuminate/Foundation/Http/Kernel.php(144): Illuminate\\Foundation\\Http\\Kernel->sendRequestThroughRouter()
#68 /home/user/PAT-v2/vendor/laravel/framework/src/Illuminate/Foundation/Testing/Concerns/MakesHttpRequests.php(607): Illuminate\\Foundation\\Http\\Kernel->handle()
#69 /home/user/PAT-v2/vendor/laravel/framework/src/Illuminate/Foundation/Testing/Concerns/MakesHttpRequests.php(368): Illuminate\\Foundation\\Testing\\TestCase->call()
#70 /home/user/PAT-v2/tests/Feature/FacilityRequestTest.php(62): Illuminate\\Foundation\\Testing\\TestCase->get()
#71 /home/user/PAT-v2/vendor/pestphp/pest/src/Factories/TestCaseMethodFactory.php(171): P\\Tests\\Feature\\FacilityRequestTest->{closure:/home/user/PAT-v2/tests/Feature/FacilityRequestTest.php:59}()
#72 [internal function]: P\\Tests\\Feature\\FacilityRequestTest->{closure:Pest\\Factories\\TestCaseMethodFactory::getClosure():161}()
#73 /home/user/PAT-v2/vendor/pestphp/pest/src/Concerns/Testable.php(419): call_user_func_array()
#74 /home/user/PAT-v2/vendor/pestphp/pest/src/Support/ExceptionTrace.php(26): P\\Tests\\Feature\\FacilityRequestTest->{closure:Pest\\Concerns\\Testable::__callClosure():419}()
#75 /home/user/PAT-v2/vendor/pestphp/pest/src/Concerns/Testable.php(419): Pest\\Support\\ExceptionTrace::ensure()
#76 /home/user/PAT-v2/vendor/pestphp/pest/src/Concerns/Testable.php(321): P\\Tests\\Feature\\FacilityRequestTest->__callClosure()
#77 /home/user/PAT-v2/vendor/pestphp/pest/src/Factories/TestCaseFactory.php(170) : eval()'d code(26): P\\Tests\\Feature\\FacilityRequestTest->__runTest()
#78 /home/user/PAT-v2/vendor/phpunit/phpunit/src/Framework/TestCase.php(1667): P\\Tests\\Feature\\FacilityRequestTest->__pest_evaluable_it_blocks_students_from_hitting_approvals()
#79 /home/user/PAT-v2/vendor/phpunit/phpunit/src/Framework/TestCase.php(519): PHPUnit\\Framework\\TestCase->runTest()
#80 /home/user/PAT-v2/vendor/phpunit/phpunit/src/Framework/TestRunner/TestRunner.php(87): PHPUnit\\Framework\\TestCase->runBare()
#81 /home/user/PAT-v2/vendor/phpunit/phpunit/src/Framework/TestCase.php(365): PHPUnit\\Framework\\TestRunner->run()
#82 /home/user/PAT-v2/vendor/phpunit/phpunit/src/Framework/TestSuite.php(369): PHPUnit\\Framework\\TestCase->run()
#83 /home/user/PAT-v2/vendor/phpunit/phpunit/src/Framework/TestSuite.php(369): PHPUnit\\Framework\\TestSuite->run()
#84 /home/user/PAT-v2/vendor/phpunit/phpunit/src/Framework/TestSuite.php(369): PHPUnit\\Framework\\TestSuite->run()
#85 /home/user/PAT-v2/vendor/phpunit/phpunit/src/TextUI/TestRunner.php(64): PHPUnit\\Framework\\TestSuite->run()
#86 /home/user/PAT-v2/vendor/phpunit/phpunit/src/TextUI/Application.php(211): PHPUnit\\TextUI\\TestRunner->run()
#87 /home/user/PAT-v2/vendor/pestphp/pest/src/Kernel.php(103): PHPUnit\\TextUI\\Application->run()
#88 /home/user/PAT-v2/vendor/pestphp/pest/bin/pest(184): Pest\\Kernel->handle()
#89 /home/user/PAT-v2/vendor/pestphp/pest/bin/pest(192): {closure:/home/user/PAT-v2/vendor/pestphp/pest/bin/pest:18}()
#90 /home/user/PAT-v2/vendor/bin/pest(119): include('...')
#91 {main}
"} 
[2026-04-23 10:50:39] testing.ERROR: Please provide a valid cache path. {"userId":1,"exception":"[object] (InvalidArgumentException(code: 0): Please provide a valid cache path. at /home/user/PAT-v2/vendor/laravel/framework/src/Illuminate/View/Compilers/Compiler.php:75)
[stacktrace]
#0 /home/user/PAT-v2/vendor/laravel/framework/src/Illuminate/View/ViewServiceProvider.php(97): Illuminate\\View\\Compilers\\Compiler->__construct()
#1 /home/user/PAT-v2/vendor/laravel/framework/src/Illuminate/Container/Container.php(1115): Illuminate\\View\\ViewServiceProvider->{closure:Illuminate\\View\\ViewServiceProvider::registerBladeCompiler():96}()
#2 /home/user/PAT-v2/vendor/laravel/framework/src/Illuminate/Container/Container.php(933): Illuminate\\Container\\Container->build()
#3 /home/user/PAT-v2/vendor/laravel/framework/src/Illuminate/Foundation/Application.php(1078): Illuminate\\Container\\Container->resolve()
#4 /home/user/PAT-v2/vendor/laravel/framework/src/Illuminate/Container/Container.php(864): Illuminate\\Foundation\\Application->resolve()
#5 /home/user/PAT-v2/vendor/laravel/framework/src/Illuminate/Foundation/Application.php(1058): Illuminate\\Container\\Container->make()
#6 /home/user/PAT-v2/vendor/laravel/framework/src/Illuminate/View/ViewServiceProvider.php(169): Illuminate\\Foundation\\Application->make()
#7 [internal function]: Illuminate\\View\\ViewServiceProvider->{closure:Illuminate\\View\\ViewServiceProvider::registerBladeEngine():165}()
#8 /home/user/PAT-v2/vendor/laravel/framework/src/Illuminate/View/Engines/EngineResolver.php(55): call_user_func()
#9 /home/user/PAT-v2/vendor/laravel/framework/src/Illuminate/View/Factory.php(325): Illuminate\\View\\Engines\\EngineResolver->resolve()
#10 /home/user/PAT-v2/vendor/laravel/framework/src/Illuminate/View/Factory.php(287): Illuminate\\View\\Factory->getEngineFromPath()
#11 /home/user/PAT-v2/vendor/laravel/framework/src/Illuminate/View/Factory.php(159): Illuminate\\View\\Factory->viewInstance()
#12 /home/user/PAT-v2/vendor/laravel/framework/src/Illuminate/Routing/ResponseFactory.php(91): Illuminate\\View\\Factory->make()
#13 /home/user/PAT-v2/vendor/laravel/framework/src/Illuminate/Support/Facades/Facade.php(363): Illuminate\\Routing\\ResponseFactory->view()
#14 /home/user/PAT-v2/vendor/inertiajs/inertia-laravel/src/Response.php(219): Illuminate\\Support\\Facades\\Facade::__callStatic()
#15 /home/user/PAT-v2/vendor/laravel/framework/src/Illuminate/Routing/Router.php(921): Inertia\\Response->toResponse()
#16 /home/user/PAT-v2/vendor/laravel/framework/src/Illuminate/Routing/Router.php(906): Illuminate\\Routing\\Router::toResponse()
#17 /home/user/PAT-v2/vendor/laravel/framework/src/Illuminate/Routing/Router.php(821): Illuminate\\Routing\\Router->prepareResponse()
#18 /home/user/PAT-v2/vendor/laravel/framework/src/Illuminate/Pipeline/Pipeline.php(180): Illuminate\\Routing\\Router->{closure:Illuminate\\Routing\\Router::runRouteWithinStack():821}()
#19 /home/user/PAT-v2/vendor/laravel/framework/src/Illuminate/Auth/Middleware/EnsureEmailIsVerified.php(41): Illuminate\\Pipeline\\Pipeline->{closure:Illuminate\\Pipeline\\Pipeline::prepareDestination():178}()
#20 /home/user/PAT-v2/vendor/laravel/framework/src/Illuminate/Pipeline/Pipeline.php(219): Illuminate\\Auth\\Middleware\\EnsureEmailIsVerified->handle()
#21 /home/user/PAT-v2/vendor/laravel/framework/src/Illuminate/Http/Middleware/AddLinkHeadersForPreloadedAssets.php(32): Illuminate\\Pipeline\\Pipeline->{closure:{closure:Illuminate\\Pipeline\\Pipeline::carry():194}:195}()
#22 /home/user/PAT-v2/vendor/laravel/framework/src/Illuminate/Pipeline/Pipeline.php(219): Illuminate\\Http\\Middleware\\AddLinkHeadersForPreloadedAssets->handle()
#23 /home/user/PAT-v2/vendor/inertiajs/inertia-laravel/src/Middleware.php(122): Illuminate\\Pipeline\\Pipeline->{closure:{closure:Illuminate\\Pipeline\\Pipeline::carry():194}:195}()
#24 /home/user/PAT-v2/vendor/laravel/framework/src/Illuminate/Pipeline/Pipeline.php(219): Inertia\\Middleware->handle()
#25 /home/user/PAT-v2/vendor/laravel/framework/src/Illuminate/Routing/Middleware/SubstituteBindings.php(50): Illuminate\\Pipeline\\Pipeline->{closure:{closure:Illuminate\\Pipeline\\Pipeline::carry():194}:195}()
#26 /home/user/PAT-v2/vendor/laravel/framework/src/Illuminate/Pipeline/Pipeline.php(219): Illuminate\\Routing\\Middleware\\SubstituteBindings->handle()
#27 /home/user/PAT-v2/vendor/laravel/framework/src/Illuminate/Auth/Middleware/Authenticate.php(63): Illuminate\\Pipeline\\Pipeline->{closure:{closure:Illuminate\\Pipeline\\Pipeline::carry():194}:195}()
#28 /home/user/PAT-v2/vendor/laravel/framework/src/Illuminate/Pipeline/Pipeline.php(219): Illuminate\\Auth\\Middleware\\Authenticate->handle()
#29 /home/user/PAT-v2/vendor/laravel/framework/src/Illuminate/Foundation/Http/Middleware/VerifyCsrfToken.php(87): Illuminate\\Pipeline\\Pipeline->{closure:{closure:Illuminate\\Pipeline\\Pipeline::carry():194}:195}()
#30 /home/user/PAT-v2/vendor/laravel/framework/src/Illuminate/Pipeline/Pipeline.php(219): Illuminate\\Foundation\\Http\\Middleware\\VerifyCsrfToken->handle()
#31 /home/user/PAT-v2/vendor/laravel/framework/src/Illuminate/View/Middleware/ShareErrorsFromSession.php(48): Illuminate\\Pipeline\\Pipeline->{closure:{closure:Illuminate\\Pipeline\\Pipeline::carry():194}:195}()
#32 /home/user/PAT-v2/vendor/laravel/framework/src/Illuminate/Pipeline/Pipeline.php(219): Illuminate\\View\\Middleware\\ShareErrorsFromSession->handle()
#33 /home/user/PAT-v2/vendor/laravel/framework/src/Illuminate/Session/Middleware/StartSession.php(120): Illuminate\\Pipeline\\Pipeline->{closure:{closure:Illuminate\\Pipeline\\Pipeline::carry():194}:195}()
#34 /home/user/PAT-v2/vendor/laravel/framework/src/Illuminate/Session/Middleware/StartSession.php(63): Illuminate\\Session\\Middleware\\StartSession->handleStatefulRequest()
#35 /home/user/PAT-v2/vendor/laravel/framework/src/Illuminate/Pipeline/Pipeline.php(219): Illuminate\\Session\\Middleware\\StartSession->handle()
#36 /home/user/PAT-v2/vendor/laravel/framework/src/Illuminate/Cookie/Middleware/AddQueuedCookiesToResponse.php(36): Illuminate\\Pipeline\\Pipeline->{closure:{closure:Illuminate\\Pipeline\\Pipeline::carry():194}:195}()
#37 /home/user/PAT-v2/vendor/laravel/framework/src/Illuminate/Pipeline/Pipeline.php(219): Illuminate\\Cookie\\Middleware\\AddQueuedCookiesToResponse->handle()
#38 /home/user/PAT-v2/vendor/laravel/framework/src/Illuminate/Cookie/Middleware/EncryptCookies.php(74): Illuminate\\Pipeline\\Pipeline->{closure:{closure:Illuminate\\Pipeline\\Pipeline::carry():194}:195}()
#39 /home/user/PAT-v2/vendor/laravel/framework/src/Illuminate/Pipeline/Pipeline.php(219): Illuminate\\Cookie\\Middleware\\EncryptCookies->handle()
#40 /home/user/PAT-v2/vendor/laravel/framework/src/Illuminate/Pipeline/Pipeline.php(137): Illuminate\\Pipeline\\Pipeline->{closure:{closure:Illuminate\\Pipeline\\Pipeline::carry():194}:195}()
#41 /home/user/PAT-v2/vendor/laravel/framework/src/Illuminate/Routing/Router.php(821): Illuminate\\Pipeline\\Pipeline->then()
#42 /home/user/PAT-v2/vendor/laravel/framework/src/Illuminate/Routing/Router.php(800): Illuminate\\Routing\\Router->runRouteWithinStack()
#43 /home/user/PAT-v2/vendor/laravel/framework/src/Illuminate/Routing/Router.php(764): Illuminate\\Routing\\Router->runRoute()
#44 /home/user/PAT-v2/vendor/laravel/framework/src/Illuminate/Routing/Router.php(753): Illuminate\\Routing\\Router->dispatchToRoute()
#45 /home/user/PAT-v2/vendor/laravel/framework/src/Illuminate/Foundation/Http/Kernel.php(200): Illuminate\\Routing\\Router->dispatch()
#46 /home/user/PAT-v2/vendor/laravel/framework/src/Illuminate/Pipeline/Pipeline.php(180): Illuminate\\Foundation\\Http\\Kernel->{closure:Illuminate\\Foundation\\Http\\Kernel::dispatchToRouter():197}()
#47 /home/user/PAT-v2/vendor/laravel/framework/src/Illuminate/Foundation/Http/Middleware/TransformsRequest.php(21): Illuminate\\Pipeline\\Pipeline->{closure:Illuminate\\Pipeline\\Pipeline::prepareDestination():178}()
#48 /home/user/PAT-v2/vendor/laravel/framework/src/Illuminate/Foundation/Http/Middleware/ConvertEmptyStringsToNull.php(31): Illuminate\\Foundation\\Http\\Middleware\\TransformsRequest->handle()
#49 /home/user/PAT-v2/vendor/laravel/framework/src/Illuminate/Pipeline/Pipeline.php(219): Illuminate\\Foundation\\Http\\Middleware\\ConvertEmptyStringsToNull->handle()
#50 /home/user/PAT-v2/vendor/laravel/framework/src/Illuminate/Foundation/Http/Middleware/TransformsRequest.php(21): Illuminate\\Pipeline\\Pipeline->{closure:{closure:Illuminate\\Pipeline\\Pipeline::carry():194}:195}()
#51 /home/user/PAT-v2/vendor/laravel/framework/src/Illuminate/Foundation/Http/Middleware/TrimStrings.php(51): Illuminate\\Foundation\\Http\\Middleware\\TransformsRequest->handle()
#52 /home/user/PAT-v2/vendor/laravel/framework/src/Illuminate/Pipeline/Pipeline.php(219): Illuminate\\Foundation\\Http\\Middleware\\TrimStrings->handle()
#53 /home/user/PAT-v2/vendor/laravel/framework/src/Illuminate/Http/Middleware/ValidatePostSize.php(27): Illuminate\\Pipeline\\Pipeline->{closure:{closure:Illuminate\\Pipeline\\Pipeline::carry():194}:195}()
#54 /home/user/PAT-v2/vendor/laravel/framework/src/Illuminate/Pipeline/Pipeline.php(219): Illuminate\\Http\\Middleware\\ValidatePostSize->handle()
#55 /home/user/PAT-v2/vendor/laravel/framework/src/Illuminate/Foundation/Http/Middleware/PreventRequestsDuringMaintenance.php(109): Illuminate\\Pipeline\\Pipeline->{closure:{closure:Illuminate\\Pipeline\\Pipeline::carry():194}:195}()
#56 /home/user/PAT-v2/vendor/laravel/framework/src/Illuminate/Pipeline/Pipeline.php(219): Illuminate\\Foundation\\Http\\Middleware\\PreventRequestsDuringMaintenance->handle()
#57 /home/user/PAT-v2/vendor/laravel/framework/src/Illuminate/Http/Middleware/HandleCors.php(61): Illuminate\\Pipeline\\Pipeline->{closure:{closure:Illuminate\\Pipeline\\Pipeline::carry():194}:195}()
#58 /home/user/PAT-v2/vendor/laravel/framework/src/Illuminate/Pipeline/Pipeline.php(219): Illuminate\\Http\\Middleware\\HandleCors->handle()
#59 /home/user/PAT-v2/vendor/laravel/framework/src/Illuminate/Http/Middleware/TrustProxies.php(58): Illuminate\\Pipeline\\Pipeline->{closure:{closure:Illuminate\\Pipeline\\Pipeline::carry():194}:195}()
#60 /home/user/PAT-v2/vendor/laravel/framework/src/Illuminate/Pipeline/Pipeline.php(219): Illuminate\\Http\\Middleware\\TrustProxies->handle()
#61 /home/user/PAT-v2/vendor/laravel/framework/src/Illuminate/Foundation/Http/Middleware/InvokeDeferredCallbacks.php(22): Illuminate\\Pipeline\\Pipeline->{closure:{closure:Illuminate\\Pipeline\\Pipeline::carry():194}:195}()
#62 /home/user/PAT-v2/vendor/laravel/framework/src/Illuminate/Pipeline/Pipeline.php(219): Illuminate\\Foundation\\Http\\Middleware\\InvokeDeferredCallbacks->handle()
#63 /home/user/PAT-v2/vendor/laravel/framework/src/Illuminate/Http/Middleware/ValidatePathEncoding.php(26): Illuminate\\Pipeline\\Pipeline->{closure:{closure:Illuminate\\Pipeline\\Pipeline::carry():194}:195}()
#64 /home/user/PAT-v2/vendor/laravel/framework/src/Illuminate/Pipeline/Pipeline.php(219): Illuminate\\Http\\Middleware\\ValidatePathEncoding->handle()
#65 /home/user/PAT-v2/vendor/laravel/framework/src/Illuminate/Pipeline/Pipeline.php(137): Illuminate\\Pipeline\\Pipeline->{closure:{closure:Illuminate\\Pipeline\\Pipeline::carry():194}:195}()
#66 /home/user/PAT-v2/vendor/laravel/framework/src/Illuminate/Foundation/Http/Kernel.php(175): Illuminate\\Pipeline\\Pipeline->then()
#67 /home/user/PAT-v2/vendor/laravel/framework/src/Illuminate/Foundation/Http/Kernel.php(144): Illuminate\\Foundation\\Http\\Kernel->sendRequestThroughRouter()
#68 /home/user/PAT-v2/vendor/laravel/framework/src/Illuminate/Foundation/Testing/Concerns/MakesHttpRequests.php(607): Illuminate\\Foundation\\Http\\Kernel->handle()
#69 /home/user/PAT-v2/vendor/laravel/framework/src/Illuminate/Foundation/Testing/Concerns/MakesHttpRequests.php(368): Illuminate\\Foundation\\Testing\\TestCase->call()
#70 /home/user/PAT-v2/tests/Feature/FacilityRequestTest.php(73): Illuminate\\Foundation\\Testing\\TestCase->get()
#71 /home/user/PAT-v2/vendor/pestphp/pest/src/Factories/TestCaseMethodFactory.php(171): P\\Tests\\Feature\\FacilityRequestTest->{closure:/home/user/PAT-v2/tests/Feature/FacilityRequestTest.php:65}()
#72 [internal function]: P\\Tests\\Feature\\FacilityRequestTest->{closure:Pest\\Factories\\TestCaseMethodFactory::getClosure():161}()
#73 /home/user/PAT-v2/vendor/pestphp/pest/src/Concerns/Testable.php(419): call_user_func_array()
#74 /home/user/PAT-v2/vendor/pestphp/pest/src/Support/ExceptionTrace.php(26): P\\Tests\\Feature\\FacilityRequestTest->{closure:Pest\\Concerns\\Testable::__callClosure():419}()
#75 /home/user/PAT-v2/vendor/pestphp/pest/src/Concerns/Testable.php(419): Pest\\Support\\ExceptionTrace::ensure()
#76 /home/user/PAT-v2/vendor/pestphp/pest/src/Concerns/Testable.php(321): P\\Tests\\Feature\\FacilityRequestTest->__callClosure()
#77 /home/user/PAT-v2/vendor/pestphp/pest/src/Factories/TestCaseFactory.php(170) : eval()'d code(35): P\\Tests\\Feature\\FacilityRequestTest->__runTest()
#78 /home/user/PAT-v2/vendor/phpunit/phpunit/src/Framework/TestCase.php(1667): P\\Tests\\Feature\\FacilityRequestTest->__pest_evaluable_it_hides_other_users_requests_from_a_student_list()
#79 /home/user/PAT-v2/vendor/phpunit/phpunit/src/Framework/TestCase.php(519): PHPUnit\\Framework\\TestCase->runTest()
#80 /home/user/PAT-v2/vendor/phpunit/phpunit/src/Framework/TestRunner/TestRunner.php(87): PHPUnit\\Framework\\TestCase->runBare()
#81 /home/user/PAT-v2/vendor/phpunit/phpunit/src/Framework/TestCase.php(365): PHPUnit\\Framework\\TestRunner->run()
#82 /home/user/PAT-v2/vendor/phpunit/phpunit/src/Framework/TestSuite.php(369): PHPUnit\\Framework\\TestCase->run()
#83 /home/user/PAT-v2/vendor/phpunit/phpunit/src/Framework/TestSuite.php(369): PHPUnit\\Framework\\TestSuite->run()
#84 /home/user/PAT-v2/vendor/phpunit/phpunit/src/Framework/TestSuite.php(369): PHPUnit\\Framework\\TestSuite->run()
#85 /home/user/PAT-v2/vendor/phpunit/phpunit/src/TextUI/TestRunner.php(64): PHPUnit\\Framework\\TestSuite->run()
#86 /home/user/PAT-v2/vendor/phpunit/phpunit/src/TextUI/Application.php(211): PHPUnit\\TextUI\\TestRunner->run()
#87 /home/user/PAT-v2/vendor/pestphp/pest/src/Kernel.php(103): PHPUnit\\TextUI\\Application->run()
#88 /home/user/PAT-v2/vendor/pestphp/pest/bin/pest(184): Pest\\Kernel->handle()
#89 /home/user/PAT-v2/vendor/pestphp/pest/bin/pest(192): {closure:/home/user/PAT-v2/vendor/pestphp/pest/bin/pest:18}()
#90 /home/user/PAT-v2/vendor/bin/pest(119): include('...')
#91 {main}
"} 
[2026-04-23 10:50:39] testing.ERROR: Please provide a valid cache path. {"userId":1,"exception":"[object] (InvalidArgumentException(code: 0): Please provide a valid cache path. at /home/user/PAT-v2/vendor/laravel/framework/src/Illuminate/View/Compilers/Compiler.php:75)
[stacktrace]
#0 /home/user/PAT-v2/vendor/laravel/framework/src/Illuminate/View/ViewServiceProvider.php(97): Illuminate\\View\\Compilers\\Compiler->__construct()
#1 /home/user/PAT-v2/vendor/laravel/framework/src/Illuminate/Container/Container.php(1115): Illuminate\\View\\ViewServiceProvider->{closure:Illuminate\\View\\ViewServiceProvider::registerBladeCompiler():96}()
#2 /home/user/PAT-v2/vendor/laravel/framework/src/Illuminate/Container/Container.php(933): Illuminate\\Container\\Container->build()
#3 /home/user/PAT-v2/vendor/laravel/framework/src/Illuminate/Foundation/Application.php(1078): Illuminate\\Container\\Container->resolve()
#4 /home/user/PAT-v2/vendor/laravel/framework/src/Illuminate/Container/Container.php(864): Illuminate\\Foundation\\Application->resolve()
#5 /home/user/PAT-v2/vendor/laravel/framework/src/Illuminate/Foundation/Application.php(1058): Illuminate\\Container\\Container->make()
#6 /home/user/PAT-v2/vendor/laravel/framework/src/Illuminate/View/ViewServiceProvider.php(169): Illuminate\\Foundation\\Application->make()
#7 [internal function]: Illuminate\\View\\ViewServiceProvider->{closure:Illuminate\\View\\ViewServiceProvider::registerBladeEngine():165}()
#8 /home/user/PAT-v2/vendor/laravel/framework/src/Illuminate/View/Engines/EngineResolver.php(55): call_user_func()
#9 /home/user/PAT-v2/vendor/laravel/framework/src/Illuminate/View/Factory.php(325): Illuminate\\View\\Engines\\EngineResolver->resolve()
#10 /home/user/PAT-v2/vendor/laravel/framework/src/Illuminate/View/Factory.php(287): Illuminate\\View\\Factory->getEngineFromPath()
#11 /home/user/PAT-v2/vendor/laravel/framework/src/Illuminate/View/Factory.php(159): Illuminate\\View\\Factory->viewInstance()
#12 /home/user/PAT-v2/vendor/laravel/framework/src/Illuminate/Routing/ResponseFactory.php(91): Illuminate\\View\\Factory->make()
#13 /home/user/PAT-v2/vendor/laravel/framework/src/Illuminate/Foundation/Exceptions/Handler.php(926): Illuminate\\Routing\\ResponseFactory->view()
#14 /home/user/PAT-v2/vendor/laravel/framework/src/Illuminate/Foundation/Exceptions/Handler.php(847): Illuminate\\Foundation\\Exceptions\\Handler->renderHttpException()
#15 /home/user/PAT-v2/vendor/laravel/framework/src/Illuminate/Foundation/Exceptions/Handler.php(738): Illuminate\\Foundation\\Exceptions\\Handler->prepareResponse()
#16 /home/user/PAT-v2/vendor/laravel/framework/src/Illuminate/Foundation/Exceptions/Handler.php(626): Illuminate\\Foundation\\Exceptions\\Handler->renderExceptionResponse()
#17 /home/user/PAT-v2/vendor/laravel/framework/src/Illuminate/Routing/Pipeline.php(51): Illuminate\\Foundation\\Exceptions\\Handler->render()
#18 /home/user/PAT-v2/vendor/laravel/framework/src/Illuminate/Pipeline/Pipeline.php(182): Illuminate\\Routing\\Pipeline->handleException()
#19 /home/user/PAT-v2/vendor/laravel/framework/src/Illuminate/Auth/Middleware/EnsureEmailIsVerified.php(41): Illuminate\\Pipeline\\Pipeline->{closure:Illuminate\\Pipeline\\Pipeline::prepareDestination():178}()
#20 /home/user/PAT-v2/vendor/laravel/framework/src/Illuminate/Pipeline/Pipeline.php(219): Illuminate\\Auth\\Middleware\\EnsureEmailIsVerified->handle()
#21 /home/user/PAT-v2/vendor/laravel/framework/src/Illuminate/Http/Middleware/AddLinkHeadersForPreloadedAssets.php(32): Illuminate\\Pipeline\\Pipeline->{closure:{closure:Illuminate\\Pipeline\\Pipeline::carry():194}:195}()
#22 /home/user/PAT-v2/vendor/laravel/framework/src/Illuminate/Pipeline/Pipeline.php(219): Illuminate\\Http\\Middleware\\AddLinkHeadersForPreloadedAssets->handle()
#23 /home/user/PAT-v2/vendor/inertiajs/inertia-laravel/src/Middleware.php(122): Illuminate\\Pipeline\\Pipeline->{closure:{closure:Illuminate\\Pipeline\\Pipeline::carry():194}:195}()
#24 /home/user/PAT-v2/vendor/laravel/framework/src/Illuminate/Pipeline/Pipeline.php(219): Inertia\\Middleware->handle()
#25 /home/user/PAT-v2/vendor/laravel/framework/src/Illuminate/Routing/Middleware/SubstituteBindings.php(50): Illuminate\\Pipeline\\Pipeline->{closure:{closure:Illuminate\\Pipeline\\Pipeline::carry():194}:195}()
#26 /home/user/PAT-v2/vendor/laravel/framework/src/Illuminate/Pipeline/Pipeline.php(219): Illuminate\\Routing\\Middleware\\SubstituteBindings->handle()
#27 /home/user/PAT-v2/vendor/laravel/framework/src/Illuminate/Auth/Middleware/Authenticate.php(63): Illuminate\\Pipeline\\Pipeline->{closure:{closure:Illuminate\\Pipeline\\Pipeline::carry():194}:195}()
#28 /home/user/PAT-v2/vendor/laravel/framework/src/Illuminate/Pipeline/Pipeline.php(219): Illuminate\\Auth\\Middleware\\Authenticate->handle()
#29 /home/user/PAT-v2/vendor/laravel/framework/src/Illuminate/Foundation/Http/Middleware/VerifyCsrfToken.php(87): Illuminate\\Pipeline\\Pipeline->{closure:{closure:Illuminate\\Pipeline\\Pipeline::carry():194}:195}()
#30 /home/user/PAT-v2/vendor/laravel/framework/src/Illuminate/Pipeline/Pipeline.php(219): Illuminate\\Foundation\\Http\\Middleware\\VerifyCsrfToken->handle()
#31 /home/user/PAT-v2/vendor/laravel/framework/src/Illuminate/View/Middleware/ShareErrorsFromSession.php(48): Illuminate\\Pipeline\\Pipeline->{closure:{closure:Illuminate\\Pipeline\\Pipeline::carry():194}:195}()
#32 /home/user/PAT-v2/vendor/laravel/framework/src/Illuminate/Pipeline/Pipeline.php(219): Illuminate\\View\\Middleware\\ShareErrorsFromSession->handle()
#33 /home/user/PAT-v2/vendor/laravel/framework/src/Illuminate/Session/Middleware/StartSession.php(120): Illuminate\\Pipeline\\Pipeline->{closure:{closure:Illuminate\\Pipeline\\Pipeline::carry():194}:195}()
#34 /home/user/PAT-v2/vendor/laravel/framework/src/Illuminate/Session/Middleware/StartSession.php(63): Illuminate\\Session\\Middleware\\StartSession->handleStatefulRequest()
#35 /home/user/PAT-v2/vendor/laravel/framework/src/Illuminate/Pipeline/Pipeline.php(219): Illuminate\\Session\\Middleware\\StartSession->handle()
#36 /home/user/PAT-v2/vendor/laravel/framework/src/Illuminate/Cookie/Middleware/AddQueuedCookiesToResponse.php(36): Illuminate\\Pipeline\\Pipeline->{closure:{closure:Illuminate\\Pipeline\\Pipeline::carry():194}:195}()
#37 /home/user/PAT-v2/vendor/laravel/framework/src/Illuminate/Pipeline/Pipeline.php(219): Illuminate\\Cookie\\Middleware\\AddQueuedCookiesToResponse->handle()
#38 /home/user/PAT-v2/vendor/laravel/framework/src/Illuminate/Cookie/Middleware/EncryptCookies.php(74): Illuminate\\Pipeline\\Pipeline->{closure:{closure:Illuminate\\Pipeline\\Pipeline::carry():194}:195}()
#39 /home/user/PAT-v2/vendor/laravel/framework/src/Illuminate/Pipeline/Pipeline.php(219): Illuminate\\Cookie\\Middleware\\EncryptCookies->handle()
#40 /home/user/PAT-v2/vendor/laravel/framework/src/Illuminate/Pipeline/Pipeline.php(137): Illuminate\\Pipeline\\Pipeline->{closure:{closure:Illuminate\\Pipeline\\Pipeline::carry():194}:195}()
#41 /home/user/PAT-v2/vendor/laravel/framework/src/Illuminate/Routing/Router.php(821): Illuminate\\Pipeline\\Pipeline->then()
#42 /home/user/PAT-v2/vendor/laravel/framework/src/Illuminate/Routing/Router.php(800): Illuminate\\Routing\\Router->runRouteWithinStack()
#43 /home/user/PAT-v2/vendor/laravel/framework/src/Illuminate/Routing/Router.php(764): Illuminate\\Routing\\Router->runRoute()
#44 /home/user/PAT-v2/vendor/laravel/framework/src/Illuminate/Routing/Router.php(753): Illuminate\\Routing\\Router->dispatchToRoute()
#45 /home/user/PAT-v2/vendor/laravel/framework/src/Illuminate/Foundation/Http/Kernel.php(200): Illuminate\\Routing\\Router->dispatch()
#46 /home/user/PAT-v2/vendor/laravel/framework/src/Illuminate/Pipeline/Pipeline.php(180): Illuminate\\Foundation\\Http\\Kernel->{closure:Illuminate\\Foundation\\Http\\Kernel::dispatchToRouter():197}()
#47 /home/user/PAT-v2/vendor/laravel/framework/src/Illuminate/Foundation/Http/Middleware/TransformsRequest.php(21): Illuminate\\Pipeline\\Pipeline->{closure:Illuminate\\Pipeline\\Pipeline::prepareDestination():178}()
#48 /home/user/PAT-v2/vendor/laravel/framework/src/Illuminate/Foundation/Http/Middleware/ConvertEmptyStringsToNull.php(31): Illuminate\\Foundation\\Http\\Middleware\\TransformsRequest->handle()
#49 /home/user/PAT-v2/vendor/laravel/framework/src/Illuminate/Pipeline/Pipeline.php(219): Illuminate\\Foundation\\Http\\Middleware\\ConvertEmptyStringsToNull->handle()
#50 /home/user/PAT-v2/vendor/laravel/framework/src/Illuminate/Foundation/Http/Middleware/TransformsRequest.php(21): Illuminate\\Pipeline\\Pipeline->{closure:{closure:Illuminate\\Pipeline\\Pipeline::carry():194}:195}()
#51 /home/user/PAT-v2/vendor/laravel/framework/src/Illuminate/Foundation/Http/Middleware/TrimStrings.php(51): Illuminate\\Foundation\\Http\\Middleware\\TransformsRequest->handle()
#52 /home/user/PAT-v2/vendor/laravel/framework/src/Illuminate/Pipeline/Pipeline.php(219): Illuminate\\Foundation\\Http\\Middleware\\TrimStrings->handle()
#53 /home/user/PAT-v2/vendor/laravel/framework/src/Illuminate/Http/Middleware/ValidatePostSize.php(27): Illuminate\\Pipeline\\Pipeline->{closure:{closure:Illuminate\\Pipeline\\Pipeline::carry():194}:195}()
#54 /home/user/PAT-v2/vendor/laravel/framework/src/Illuminate/Pipeline/Pipeline.php(219): Illuminate\\Http\\Middleware\\ValidatePostSize->handle()
#55 /home/user/PAT-v2/vendor/laravel/framework/src/Illuminate/Foundation/Http/Middleware/PreventRequestsDuringMaintenance.php(109): Illuminate\\Pipeline\\Pipeline->{closure:{closure:Illuminate\\Pipeline\\Pipeline::carry():194}:195}()
#56 /home/user/PAT-v2/vendor/laravel/framework/src/Illuminate/Pipeline/Pipeline.php(219): Illuminate\\Foundation\\Http\\Middleware\\PreventRequestsDuringMaintenance->handle()
#57 /home/user/PAT-v2/vendor/laravel/framework/src/Illuminate/Http/Middleware/HandleCors.php(61): Illuminate\\Pipeline\\Pipeline->{closure:{closure:Illuminate\\Pipeline\\Pipeline::carry():194}:195}()
#58 /home/user/PAT-v2/vendor/laravel/framework/src/Illuminate/Pipeline/Pipeline.php(219): Illuminate\\Http\\Middleware\\HandleCors->handle()
#59 /home/user/PAT-v2/vendor/laravel/framework/src/Illuminate/Http/Middleware/TrustProxies.php(58): Illuminate\\Pipeline\\Pipeline->{closure:{closure:Illuminate\\Pipeline\\Pipeline::carry():194}:195}()
#60 /home/user/PAT-v2/vendor/laravel/framework/src/Illuminate/Pipeline/Pipeline.php(219): Illuminate\\Http\\Middleware\\TrustProxies->handle()
#61 /home/user/PAT-v2/vendor/laravel/framework/src/Illuminate/Foundation/Http/Middleware/InvokeDeferredCallbacks.php(22): Illuminate\\Pipeline\\Pipeline->{closure:{closure:Illuminate\\Pipeline\\Pipeline::carry():194}:195}()
#62 /home/user/PAT-v2/vendor/laravel/framework/src/Illuminate/Pipeline/Pipeline.php(219): Illuminate\\Foundation\\Http\\Middleware\\InvokeDeferredCallbacks->handle()
#63 /home/user/PAT-v2/vendor/laravel/framework/src/Illuminate/Http/Middleware/ValidatePathEncoding.php(26): Illuminate\\Pipeline\\Pipeline->{closure:{closure:Illuminate\\Pipeline\\Pipeline::carry():194}:195}()
#64 /home/user/PAT-v2/vendor/laravel/framework/src/Illuminate/Pipeline/Pipeline.php(219): Illuminate\\Http\\Middleware\\ValidatePathEncoding->handle()
#65 /home/user/PAT-v2/vendor/laravel/framework/src/Illuminate/Pipeline/Pipeline.php(137): Illuminate\\Pipeline\\Pipeline->{closure:{closure:Illuminate\\Pipeline\\Pipeline::carry():194}:195}()
#66 /home/user/PAT-v2/vendor/laravel/framework/src/Illuminate/Foundation/Http/Kernel.php(175): Illuminate\\Pipeline\\Pipeline->then()
#67 /home/user/PAT-v2/vendor/laravel/framework/src/Illuminate/Foundation/Http/Kernel.php(144): Illuminate\\Foundation\\Http\\Kernel->sendRequestThroughRouter()
#68 /home/user/PAT-v2/vendor/laravel/framework/src/Illuminate/Foundation/Testing/Concerns/MakesHttpRequests.php(607): Illuminate\\Foundation\\Http\\Kernel->handle()
#69 /home/user/PAT-v2/vendor/laravel/framework/src/Illuminate/Foundation/Testing/Concerns/MakesHttpRequests.php(368): Illuminate\\Foundation\\Testing\\TestCase->call()
#70 /home/user/PAT-v2/tests/Feature/FacilityRequestTest.php(89): Illuminate\\Foundation\\Testing\\TestCase->get()
#71 /home/user/PAT-v2/vendor/pestphp/pest/src/Factories/TestCaseMethodFactory.php(171): P\\Tests\\Feature\\FacilityRequestTest->{closure:/home/user/PAT-v2/tests/Feature/FacilityRequestTest.php:83}()
#72 [internal function]: P\\Tests\\Feature\\FacilityRequestTest->{closure:Pest\\Factories\\TestCaseMethodFactory::getClosure():161}()
#73 /home/user/PAT-v2/vendor/pestphp/pest/src/Concerns/Testable.php(419): call_user_func_array()
#74 /home/user/PAT-v2/vendor/pestphp/pest/src/Support/ExceptionTrace.php(26): P\\Tests\\Feature\\FacilityRequestTest->{closure:Pest\\Concerns\\Testable::__callClosure():419}()
#75 /home/user/PAT-v2/vendor/pestphp/pest/src/Concerns/Testable.php(419): Pest\\Support\\ExceptionTrace::ensure()
#76 /home/user/PAT-v2/vendor/pestphp/pest/src/Concerns/Testable.php(321): P\\Tests\\Feature\\FacilityRequestTest->__callClosure()
#77 /home/user/PAT-v2/vendor/pestphp/pest/src/Factories/TestCaseFactory.php(170) : eval()'d code(44): P\\Tests\\Feature\\FacilityRequestTest->__runTest()
#78 /home/user/PAT-v2/vendor/phpunit/phpunit/src/Framework/TestCase.php(1667): P\\Tests\\Feature\\FacilityRequestTest->__pest_evaluable_it_forbids_a_student_from_viewing_another_users_request()
#79 /home/user/PAT-v2/vendor/phpunit/phpunit/src/Framework/TestCase.php(519): PHPUnit\\Framework\\TestCase->runTest()
#80 /home/user/PAT-v2/vendor/phpunit/phpunit/src/Framework/TestRunner/TestRunner.php(87): PHPUnit\\Framework\\TestCase->runBare()
#81 /home/user/PAT-v2/vendor/phpunit/phpunit/src/Framework/TestCase.php(365): PHPUnit\\Framework\\TestRunner->run()
#82 /home/user/PAT-v2/vendor/phpunit/phpunit/src/Framework/TestSuite.php(369): PHPUnit\\Framework\\TestCase->run()
#83 /home/user/PAT-v2/vendor/phpunit/phpunit/src/Framework/TestSuite.php(369): PHPUnit\\Framework\\TestSuite->run()
#84 /home/user/PAT-v2/vendor/phpunit/phpunit/src/Framework/TestSuite.php(369): PHPUnit\\Framework\\TestSuite->run()
#85 /home/user/PAT-v2/vendor/phpunit/phpunit/src/TextUI/TestRunner.php(64): PHPUnit\\Framework\\TestSuite->run()
#86 /home/user/PAT-v2/vendor/phpunit/phpunit/src/TextUI/Application.php(211): PHPUnit\\TextUI\\TestRunner->run()
#87 /home/user/PAT-v2/vendor/pestphp/pest/src/Kernel.php(103): PHPUnit\\TextUI\\Application->run()
#88 /home/user/PAT-v2/vendor/pestphp/pest/bin/pest(184): Pest\\Kernel->handle()
#89 /home/user/PAT-v2/vendor/pestphp/pest/bin/pest(192): {closure:/home/user/PAT-v2/vendor/pestphp/pest/bin/pest:18}()
#90 /home/user/PAT-v2/vendor/bin/pest(119): include('...')
#91 {main}
"} 
[2026-04-23 10:50:47] testing.ERROR: Please provide a valid cache path. {"userId":1,"exception":"[object] (InvalidArgumentException(code: 0): Please provide a valid cache path. at /home/user/PAT-v2/vendor/laravel/framework/src/Illuminate/View/Compilers/Compiler.php:75)
[stacktrace]
#0 /home/user/PAT-v2/vendor/laravel/framework/src/Illuminate/View/ViewServiceProvider.php(97): Illuminate\\View\\Compilers\\Compiler->__construct()
#1 /home/user/PAT-v2/vendor/laravel/framework/src/Illuminate/Container/Container.php(1115): Illuminate\\View\\ViewServiceProvider->{closure:Illuminate\\View\\ViewServiceProvider::registerBladeCompiler():96}()
#2 /home/user/PAT-v2/vendor/laravel/framework/src/Illuminate/Container/Container.php(933): Illuminate\\Container\\Container->build()
#3 /home/user/PAT-v2/vendor/laravel/framework/src/Illuminate/Foundation/Application.php(1078): Illuminate\\Container\\Container->resolve()
#4 /home/user/PAT-v2/vendor/laravel/framework/src/Illuminate/Container/Container.php(864): Illuminate\\Foundation\\Application->resolve()
#5 /home/user/PAT-v2/vendor/laravel/framework/src/Illuminate/Foundation/Application.php(1058): Illuminate\\Container\\Container->make()
#6 /home/user/PAT-v2/vendor/laravel/framework/src/Illuminate/View/ViewServiceProvider.php(169): Illuminate\\Foundation\\Application->make()
#7 [internal function]: Illuminate\\View\\ViewServiceProvider->{closure:Illuminate\\View\\ViewServiceProvider::registerBladeEngine():165}()
#8 /home/user/PAT-v2/vendor/laravel/framework/src/Illuminate/View/Engines/EngineResolver.php(55): call_user_func()
#9 /home/user/PAT-v2/vendor/laravel/framework/src/Illuminate/View/Factory.php(325): Illuminate\\View\\Engines\\EngineResolver->resolve()
#10 /home/user/PAT-v2/vendor/laravel/framework/src/Illuminate/View/Factory.php(287): Illuminate\\View\\Factory->getEngineFromPath()
#11 /home/user/PAT-v2/vendor/laravel/framework/src/Illuminate/View/Factory.php(159): Illuminate\\View\\Factory->viewInstance()
#12 /home/user/PAT-v2/vendor/laravel/framework/src/Illuminate/Routing/ResponseFactory.php(91): Illuminate\\View\\Factory->make()
#13 /home/user/PAT-v2/vendor/laravel/framework/src/Illuminate/Foundation/Exceptions/Handler.php(926): Illuminate\\Routing\\ResponseFactory->view()
#14 /home/user/PAT-v2/vendor/laravel/framework/src/Illuminate/Foundation/Exceptions/Handler.php(847): Illuminate\\Foundation\\Exceptions\\Handler->renderHttpException()
#15 /home/user/PAT-v2/vendor/laravel/framework/src/Illuminate/Foundation/Exceptions/Handler.php(738): Illuminate\\Foundation\\Exceptions\\Handler->prepareResponse()
#16 /home/user/PAT-v2/vendor/laravel/framework/src/Illuminate/Foundation/Exceptions/Handler.php(626): Illuminate\\Foundation\\Exceptions\\Handler->renderExceptionResponse()
#17 /home/user/PAT-v2/vendor/laravel/framework/src/Illuminate/Routing/Pipeline.php(51): Illuminate\\Foundation\\Exceptions\\Handler->render()
#18 /home/user/PAT-v2/vendor/laravel/framework/src/Illuminate/Pipeline/Pipeline.php(224): Illuminate\\Routing\\Pipeline->handleException()
#19 /home/user/PAT-v2/vendor/laravel/framework/src/Illuminate/Auth/Middleware/EnsureEmailIsVerified.php(41): Illuminate\\Pipeline\\Pipeline->{closure:{closure:Illuminate\\Pipeline\\Pipeline::carry():194}:195}()
#20 /home/user/PAT-v2/vendor/laravel/framework/src/Illuminate/Pipeline/Pipeline.php(219): Illuminate\\Auth\\Middleware\\EnsureEmailIsVerified->handle()
#21 /home/user/PAT-v2/vendor/laravel/framework/src/Illuminate/Http/Middleware/AddLinkHeadersForPreloadedAssets.php(32): Illuminate\\Pipeline\\Pipeline->{closure:{closure:Illuminate\\Pipeline\\Pipeline::carry():194}:195}()
#22 /home/user/PAT-v2/vendor/laravel/framework/src/Illuminate/Pipeline/Pipeline.php(219): Illuminate\\Http\\Middleware\\AddLinkHeadersForPreloadedAssets->handle()
#23 /home/user/PAT-v2/vendor/inertiajs/inertia-laravel/src/Middleware.php(122): Illuminate\\Pipeline\\Pipeline->{closure:{closure:Illuminate\\Pipeline\\Pipeline::carry():194}:195}()
#24 /home/user/PAT-v2/vendor/laravel/framework/src/Illuminate/Pipeline/Pipeline.php(219): Inertia\\Middleware->handle()
#25 /home/user/PAT-v2/vendor/laravel/framework/src/Illuminate/Routing/Middleware/SubstituteBindings.php(50): Illuminate\\Pipeline\\Pipeline->{closure:{closure:Illuminate\\Pipeline\\Pipeline::carry():194}:195}()
#26 /home/user/PAT-v2/vendor/laravel/framework/src/Illuminate/Pipeline/Pipeline.php(219): Illuminate\\Routing\\Middleware\\SubstituteBindings->handle()
#27 /home/user/PAT-v2/vendor/laravel/framework/src/Illuminate/Auth/Middleware/Authenticate.php(63): Illuminate\\Pipeline\\Pipeline->{closure:{closure:Illuminate\\Pipeline\\Pipeline::carry():194}:195}()
#28 /home/user/PAT-v2/vendor/laravel/framework/src/Illuminate/Pipeline/Pipeline.php(219): Illuminate\\Auth\\Middleware\\Authenticate->handle()
#29 /home/user/PAT-v2/vendor/laravel/framework/src/Illuminate/Foundation/Http/Middleware/VerifyCsrfToken.php(87): Illuminate\\Pipeline\\Pipeline->{closure:{closure:Illuminate\\Pipeline\\Pipeline::carry():194}:195}()
#30 /home/user/PAT-v2/vendor/laravel/framework/src/Illuminate/Pipeline/Pipeline.php(219): Illuminate\\Foundation\\Http\\Middleware\\VerifyCsrfToken->handle()
#31 /home/user/PAT-v2/vendor/laravel/framework/src/Illuminate/View/Middleware/ShareErrorsFromSession.php(48): Illuminate\\Pipeline\\Pipeline->{closure:{closure:Illuminate\\Pipeline\\Pipeline::carry():194}:195}()
#32 /home/user/PAT-v2/vendor/laravel/framework/src/Illuminate/Pipeline/Pipeline.php(219): Illuminate\\View\\Middleware\\ShareErrorsFromSession->handle()
#33 /home/user/PAT-v2/vendor/laravel/framework/src/Illuminate/Session/Middleware/StartSession.php(120): Illuminate\\Pipeline\\Pipeline->{closure:{closure:Illuminate\\Pipeline\\Pipeline::carry():194}:195}()
#34 /home/user/PAT-v2/vendor/laravel/framework/src/Illuminate/Session/Middleware/StartSession.php(63): Illuminate\\Session\\Middleware\\StartSession->handleStatefulRequest()
#35 /home/user/PAT-v2/vendor/laravel/framework/src/Illuminate/Pipeline/Pipeline.php(219): Illuminate\\Session\\Middleware\\StartSession->handle()
#36 /home/user/PAT-v2/vendor/laravel/framework/src/Illuminate/Cookie/Middleware/AddQueuedCookiesToResponse.php(36): Illuminate\\Pipeline\\Pipeline->{closure:{closure:Illuminate\\Pipeline\\Pipeline::carry():194}:195}()
#37 /home/user/PAT-v2/vendor/laravel/framework/src/Illuminate/Pipeline/Pipeline.php(219): Illuminate\\Cookie\\Middleware\\AddQueuedCookiesToResponse->handle()
#38 /home/user/PAT-v2/vendor/laravel/framework/src/Illuminate/Cookie/Middleware/EncryptCookies.php(74): Illuminate\\Pipeline\\Pipeline->{closure:{closure:Illuminate\\Pipeline\\Pipeline::carry():194}:195}()
#39 /home/user/PAT-v2/vendor/laravel/framework/src/Illuminate/Pipeline/Pipeline.php(219): Illuminate\\Cookie\\Middleware\\EncryptCookies->handle()
#40 /home/user/PAT-v2/vendor/laravel/framework/src/Illuminate/Pipeline/Pipeline.php(137): Illuminate\\Pipeline\\Pipeline->{closure:{closure:Illuminate\\Pipeline\\Pipeline::carry():194}:195}()
#41 /home/user/PAT-v2/vendor/laravel/framework/src/Illuminate/Routing/Router.php(821): Illuminate\\Pipeline\\Pipeline->then()
#42 /home/user/PAT-v2/vendor/laravel/framework/src/Illuminate/Routing/Router.php(800): Illuminate\\Routing\\Router->runRouteWithinStack()
#43 /home/user/PAT-v2/vendor/laravel/framework/src/Illuminate/Routing/Router.php(764): Illuminate\\Routing\\Router->runRoute()
#44 /home/user/PAT-v2/vendor/laravel/framework/src/Illuminate/Routing/Router.php(753): Illuminate\\Routing\\Router->dispatchToRoute()
#45 /home/user/PAT-v2/vendor/laravel/framework/src/Illuminate/Foundation/Http/Kernel.php(200): Illuminate\\Routing\\Router->dispatch()
#46 /home/user/PAT-v2/vendor/laravel/framework/src/Illuminate/Pipeline/Pipeline.php(180): Illuminate\\Foundation\\Http\\Kernel->{closure:Illuminate\\Foundation\\Http\\Kernel::dispatchToRouter():197}()
#47 /home/user/PAT-v2/vendor/laravel/framework/src/Illuminate/Foundation/Http/Middleware/TransformsRequest.php(21): Illuminate\\Pipeline\\Pipeline->{closure:Illuminate\\Pipeline\\Pipeline::prepareDestination():178}()
#48 /home/user/PAT-v2/vendor/laravel/framework/src/Illuminate/Foundation/Http/Middleware/ConvertEmptyStringsToNull.php(31): Illuminate\\Foundation\\Http\\Middleware\\TransformsRequest->handle()
#49 /home/user/PAT-v2/vendor/laravel/framework/src/Illuminate/Pipeline/Pipeline.php(219): Illuminate\\Foundation\\Http\\Middleware\\ConvertEmptyStringsToNull->handle()
#50 /home/user/PAT-v2/vendor/laravel/framework/src/Illuminate/Foundation/Http/Middleware/TransformsRequest.php(21): Illuminate\\Pipeline\\Pipeline->{closure:{closure:Illuminate\\Pipeline\\Pipeline::carry():194}:195}()
#51 /home/user/PAT-v2/vendor/laravel/framework/src/Illuminate/Foundation/Http/Middleware/TrimStrings.php(51): Illuminate\\Foundation\\Http\\Middleware\\TransformsRequest->handle()
#52 /home/user/PAT-v2/vendor/laravel/framework/src/Illuminate/Pipeline/Pipeline.php(219): Illuminate\\Foundation\\Http\\Middleware\\TrimStrings->handle()
#53 /home/user/PAT-v2/vendor/laravel/framework/src/Illuminate/Http/Middleware/ValidatePostSize.php(27): Illuminate\\Pipeline\\Pipeline->{closure:{closure:Illuminate\\Pipeline\\Pipeline::carry():194}:195}()
#54 /home/user/PAT-v2/vendor/laravel/framework/src/Illuminate/Pipeline/Pipeline.php(219): Illuminate\\Http\\Middleware\\ValidatePostSize->handle()
#55 /home/user/PAT-v2/vendor/laravel/framework/src/Illuminate/Foundation/Http/Middleware/PreventRequestsDuringMaintenance.php(109): Illuminate\\Pipeline\\Pipeline->{closure:{closure:Illuminate\\Pipeline\\Pipeline::carry():194}:195}()
#56 /home/user/PAT-v2/vendor/laravel/framework/src/Illuminate/Pipeline/Pipeline.php(219): Illuminate\\Foundation\\Http\\Middleware\\PreventRequestsDuringMaintenance->handle()
#57 /home/user/PAT-v2/vendor/laravel/framework/src/Illuminate/Http/Middleware/HandleCors.php(61): Illuminate\\Pipeline\\Pipeline->{closure:{closure:Illuminate\\Pipeline\\Pipeline::carry():194}:195}()
#58 /home/user/PAT-v2/vendor/laravel/framework/src/Illuminate/Pipeline/Pipeline.php(219): Illuminate\\Http\\Middleware\\HandleCors->handle()
#59 /home/user/PAT-v2/vendor/laravel/framework/src/Illuminate/Http/Middleware/TrustProxies.php(58): Illuminate\\Pipeline\\Pipeline->{closure:{closure:Illuminate\\Pipeline\\Pipeline::carry():194}:195}()
#60 /home/user/PAT-v2/vendor/laravel/framework/src/Illuminate/Pipeline/Pipeline.php(219): Illuminate\\Http\\Middleware\\TrustProxies->handle()
#61 /home/user/PAT-v2/vendor/laravel/framework/src/Illuminate/Foundation/Http/Middleware/InvokeDeferredCallbacks.php(22): Illuminate\\Pipeline\\Pipeline->{closure:{closure:Illuminate\\Pipeline\\Pipeline::carry():194}:195}()
#62 /home/user/PAT-v2/vendor/laravel/framework/src/Illuminate/Pipeline/Pipeline.php(219): Illuminate\\Foundation\\Http\\Middleware\\InvokeDeferredCallbacks->handle()
#63 /home/user/PAT-v2/vendor/laravel/framework/src/Illuminate/Http/Middleware/ValidatePathEncoding.php(26): Illuminate\\Pipeline\\Pipeline->{closure:{closure:Illuminate\\Pipeline\\Pipeline::carry():194}:195}()
#64 /home/user/PAT-v2/vendor/laravel/framework/src/Illuminate/Pipeline/Pipeline.php(219): Illuminate\\Http\\Middleware\\ValidatePathEncoding->handle()
#65 /home/user/PAT-v2/vendor/laravel/framework/src/Illuminate/Pipeline/Pipeline.php(137): Illuminate\\Pipeline\\Pipeline->{closure:{closure:Illuminate\\Pipeline\\Pipeline::carry():194}:195}()
#66 /home/user/PAT-v2/vendor/laravel/framework/src/Illuminate/Foundation/Http/Kernel.php(175): Illuminate\\Pipeline\\Pipeline->then()
#67 /home/user/PAT-v2/vendor/laravel/framework/src/Illuminate/Foundation/Http/Kernel.php(144): Illuminate\\Foundation\\Http\\Kernel->sendRequestThroughRouter()
#68 /home/user/PAT-v2/vendor/laravel/framework/src/Illuminate/Foundation/Testing/Concerns/MakesHttpRequests.php(607): Illuminate\\Foundation\\Http\\Kernel->handle()
#69 /home/user/PAT-v2/vendor/laravel/framework/src/Illuminate/Foundation/Testing/Concerns/MakesHttpRequests.php(368): Illuminate\\Foundation\\Testing\\TestCase->call()
#70 /home/user/PAT-v2/tests/Feature/FacilityRequestTest.php(62): Illuminate\\Foundation\\Testing\\TestCase->get()
#71 /home/user/PAT-v2/vendor/pestphp/pest/src/Factories/TestCaseMethodFactory.php(171): P\\Tests\\Feature\\FacilityRequestTest->{closure:/home/user/PAT-v2/tests/Feature/FacilityRequestTest.php:59}()
#72 [internal function]: P\\Tests\\Feature\\FacilityRequestTest->{closure:Pest\\Factories\\TestCaseMethodFactory::getClosure():161}()
#73 /home/user/PAT-v2/vendor/pestphp/pest/src/Concerns/Testable.php(419): call_user_func_array()
#74 /home/user/PAT-v2/vendor/pestphp/pest/src/Support/ExceptionTrace.php(26): P\\Tests\\Feature\\FacilityRequestTest->{closure:Pest\\Concerns\\Testable::__callClosure():419}()
#75 /home/user/PAT-v2/vendor/pestphp/pest/src/Concerns/Testable.php(419): Pest\\Support\\ExceptionTrace::ensure()
#76 /home/user/PAT-v2/vendor/pestphp/pest/src/Concerns/Testable.php(321): P\\Tests\\Feature\\FacilityRequestTest->__callClosure()
#77 /home/user/PAT-v2/vendor/pestphp/pest/src/Factories/TestCaseFactory.php(170) : eval()'d code(26): P\\Tests\\Feature\\FacilityRequestTest->__runTest()
#78 /home/user/PAT-v2/vendor/phpunit/phpunit/src/Framework/TestCase.php(1667): P\\Tests\\Feature\\FacilityRequestTest->__pest_evaluable_it_blocks_students_from_hitting_approvals()
#79 /home/user/PAT-v2/vendor/phpunit/phpunit/src/Framework/TestCase.php(519): PHPUnit\\Framework\\TestCase->runTest()
#80 /home/user/PAT-v2/vendor/phpunit/phpunit/src/Framework/TestRunner/TestRunner.php(87): PHPUnit\\Framework\\TestCase->runBare()
#81 /home/user/PAT-v2/vendor/phpunit/phpunit/src/Framework/TestCase.php(365): PHPUnit\\Framework\\TestRunner->run()
#82 /home/user/PAT-v2/vendor/phpunit/phpunit/src/Framework/TestSuite.php(369): PHPUnit\\Framework\\TestCase->run()
#83 /home/user/PAT-v2/vendor/phpunit/phpunit/src/Framework/TestSuite.php(369): PHPUnit\\Framework\\TestSuite->run()
#84 /home/user/PAT-v2/vendor/phpunit/phpunit/src/Framework/TestSuite.php(369): PHPUnit\\Framework\\TestSuite->run()
#85 /home/user/PAT-v2/vendor/phpunit/phpunit/src/TextUI/TestRunner.php(64): PHPUnit\\Framework\\TestSuite->run()
#86 /home/user/PAT-v2/vendor/phpunit/phpunit/src/TextUI/Application.php(211): PHPUnit\\TextUI\\TestRunner->run()
#87 /home/user/PAT-v2/vendor/pestphp/pest/src/Kernel.php(103): PHPUnit\\TextUI\\Application->run()
#88 /home/user/PAT-v2/vendor/pestphp/pest/bin/pest(184): Pest\\Kernel->handle()
#89 /home/user/PAT-v2/vendor/pestphp/pest/bin/pest(192): {closure:/home/user/PAT-v2/vendor/pestphp/pest/bin/pest:18}()
#90 /home/user/PAT-v2/vendor/bin/pest(119): include('...')
#91 {main}
"} 
[2026-04-23 10:50:47] testing.ERROR: Please provide a valid cache path. {"userId":1,"exception":"[object] (InvalidArgumentException(code: 0): Please provide a valid cache path. at /home/user/PAT-v2/vendor/laravel/framework/src/Illuminate/View/Compilers/Compiler.php:75)
[stacktrace]
#0 /home/user/PAT-v2/vendor/laravel/framework/src/Illuminate/View/ViewServiceProvider.php(97): Illuminate\\View\\Compilers\\Compiler->__construct()
#1 /home/user/PAT-v2/vendor/laravel/framework/src/Illuminate/Container/Container.php(1115): Illuminate\\View\\ViewServiceProvider->{closure:Illuminate\\View\\ViewServiceProvider::registerBladeCompiler():96}()
#2 /home/user/PAT-v2/vendor/laravel/framework/src/Illuminate/Container/Container.php(933): Illuminate\\Container\\Container->build()
#3 /home/user/PAT-v2/vendor/laravel/framework/src/Illuminate/Foundation/Application.php(1078): Illuminate\\Container\\Container->resolve()
#4 /home/user/PAT-v2/vendor/laravel/framework/src/Illuminate/Container/Container.php(864): Illuminate\\Foundation\\Application->resolve()
#5 /home/user/PAT-v2/vendor/laravel/framework/src/Illuminate/Foundation/Application.php(1058): Illuminate\\Container\\Container->make()
#6 /home/user/PAT-v2/vendor/laravel/framework/src/Illuminate/View/ViewServiceProvider.php(169): Illuminate\\Foundation\\Application->make()
#7 [internal function]: Illuminate\\View\\ViewServiceProvider->{closure:Illuminate\\View\\ViewServiceProvider::registerBladeEngine():165}()
#8 /home/user/PAT-v2/vendor/laravel/framework/src/Illuminate/View/Engines/EngineResolver.php(55): call_user_func()
#9 /home/user/PAT-v2/vendor/laravel/framework/src/Illuminate/View/Factory.php(325): Illuminate\\View\\Engines\\EngineResolver->resolve()
#10 /home/user/PAT-v2/vendor/laravel/framework/src/Illuminate/View/Factory.php(287): Illuminate\\View\\Factory->getEngineFromPath()
#11 /home/user/PAT-v2/vendor/laravel/framework/src/Illuminate/View/Factory.php(159): Illuminate\\View\\Factory->viewInstance()
#12 /home/user/PAT-v2/vendor/laravel/framework/src/Illuminate/Routing/ResponseFactory.php(91): Illuminate\\View\\Factory->make()
#13 /home/user/PAT-v2/vendor/laravel/framework/src/Illuminate/Support/Facades/Facade.php(363): Illuminate\\Routing\\ResponseFactory->view()
#14 /home/user/PAT-v2/vendor/inertiajs/inertia-laravel/src/Response.php(219): Illuminate\\Support\\Facades\\Facade::__callStatic()
#15 /home/user/PAT-v2/vendor/laravel/framework/src/Illuminate/Routing/Router.php(921): Inertia\\Response->toResponse()
#16 /home/user/PAT-v2/vendor/laravel/framework/src/Illuminate/Routing/Router.php(906): Illuminate\\Routing\\Router::toResponse()
#17 /home/user/PAT-v2/vendor/laravel/framework/src/Illuminate/Routing/Router.php(821): Illuminate\\Routing\\Router->prepareResponse()
#18 /home/user/PAT-v2/vendor/laravel/framework/src/Illuminate/Pipeline/Pipeline.php(180): Illuminate\\Routing\\Router->{closure:Illuminate\\Routing\\Router::runRouteWithinStack():821}()
#19 /home/user/PAT-v2/vendor/laravel/framework/src/Illuminate/Auth/Middleware/EnsureEmailIsVerified.php(41): Illuminate\\Pipeline\\Pipeline->{closure:Illuminate\\Pipeline\\Pipeline::prepareDestination():178}()
#20 /home/user/PAT-v2/vendor/laravel/framework/src/Illuminate/Pipeline/Pipeline.php(219): Illuminate\\Auth\\Middleware\\EnsureEmailIsVerified->handle()
#21 /home/user/PAT-v2/vendor/laravel/framework/src/Illuminate/Http/Middleware/AddLinkHeadersForPreloadedAssets.php(32): Illuminate\\Pipeline\\Pipeline->{closure:{closure:Illuminate\\Pipeline\\Pipeline::carry():194}:195}()
#22 /home/user/PAT-v2/vendor/laravel/framework/src/Illuminate/Pipeline/Pipeline.php(219): Illuminate\\Http\\Middleware\\AddLinkHeadersForPreloadedAssets->handle()
#23 /home/user/PAT-v2/vendor/inertiajs/inertia-laravel/src/Middleware.php(122): Illuminate\\Pipeline\\Pipeline->{closure:{closure:Illuminate\\Pipeline\\Pipeline::carry():194}:195}()
#24 /home/user/PAT-v2/vendor/laravel/framework/src/Illuminate/Pipeline/Pipeline.php(219): Inertia\\Middleware->handle()
#25 /home/user/PAT-v2/vendor/laravel/framework/src/Illuminate/Routing/Middleware/SubstituteBindings.php(50): Illuminate\\Pipeline\\Pipeline->{closure:{closure:Illuminate\\Pipeline\\Pipeline::carry():194}:195}()
#26 /home/user/PAT-v2/vendor/laravel/framework/src/Illuminate/Pipeline/Pipeline.php(219): Illuminate\\Routing\\Middleware\\SubstituteBindings->handle()
#27 /home/user/PAT-v2/vendor/laravel/framework/src/Illuminate/Auth/Middleware/Authenticate.php(63): Illuminate\\Pipeline\\Pipeline->{closure:{closure:Illuminate\\Pipeline\\Pipeline::carry():194}:195}()
#28 /home/user/PAT-v2/vendor/laravel/framework/src/Illuminate/Pipeline/Pipeline.php(219): Illuminate\\Auth\\Middleware\\Authenticate->handle()
#29 /home/user/PAT-v2/vendor/laravel/framework/src/Illuminate/Foundation/Http/Middleware/VerifyCsrfToken.php(87): Illuminate\\Pipeline\\Pipeline->{closure:{closure:Illuminate\\Pipeline\\Pipeline::carry():194}:195}()
#30 /home/user/PAT-v2/vendor/laravel/framework/src/Illuminate/Pipeline/Pipeline.php(219): Illuminate\\Foundation\\Http\\Middleware\\VerifyCsrfToken->handle()
#31 /home/user/PAT-v2/vendor/laravel/framework/src/Illuminate/View/Middleware/ShareErrorsFromSession.php(48): Illuminate\\Pipeline\\Pipeline->{closure:{closure:Illuminate\\Pipeline\\Pipeline::carry():194}:195}()
#32 /home/user/PAT-v2/vendor/laravel/framework/src/Illuminate/Pipeline/Pipeline.php(219): Illuminate\\View\\Middleware\\ShareErrorsFromSession->handle()
#33 /home/user/PAT-v2/vendor/laravel/framework/src/Illuminate/Session/Middleware/StartSession.php(120): Illuminate\\Pipeline\\Pipeline->{closure:{closure:Illuminate\\Pipeline\\Pipeline::carry():194}:195}()
#34 /home/user/PAT-v2/vendor/laravel/framework/src/Illuminate/Session/Middleware/StartSession.php(63): Illuminate\\Session\\Middleware\\StartSession->handleStatefulRequest()
#35 /home/user/PAT-v2/vendor/laravel/framework/src/Illuminate/Pipeline/Pipeline.php(219): Illuminate\\Session\\Middleware\\StartSession->handle()
#36 /home/user/PAT-v2/vendor/laravel/framework/src/Illuminate/Cookie/Middleware/AddQueuedCookiesToResponse.php(36): Illuminate\\Pipeline\\Pipeline->{closure:{closure:Illuminate\\Pipeline\\Pipeline::carry():194}:195}()
#37 /home/user/PAT-v2/vendor/laravel/framework/src/Illuminate/Pipeline/Pipeline.php(219): Illuminate\\Cookie\\Middleware\\AddQueuedCookiesToResponse->handle()
#38 /home/user/PAT-v2/vendor/laravel/framework/src/Illuminate/Cookie/Middleware/EncryptCookies.php(74): Illuminate\\Pipeline\\Pipeline->{closure:{closure:Illuminate\\Pipeline\\Pipeline::carry():194}:195}()
#39 /home/user/PAT-v2/vendor/laravel/framework/src/Illuminate/Pipeline/Pipeline.php(219): Illuminate\\Cookie\\Middleware\\EncryptCookies->handle()
#40 /home/user/PAT-v2/vendor/laravel/framework/src/Illuminate/Pipeline/Pipeline.php(137): Illuminate\\Pipeline\\Pipeline->{closure:{closure:Illuminate\\Pipeline\\Pipeline::carry():194}:195}()
#41 /home/user/PAT-v2/vendor/laravel/framework/src/Illuminate/Routing/Router.php(821): Illuminate\\Pipeline\\Pipeline->then()
#42 /home/user/PAT-v2/vendor/laravel/framework/src/Illuminate/Routing/Router.php(800): Illuminate\\Routing\\Router->runRouteWithinStack()
#43 /home/user/PAT-v2/vendor/laravel/framework/src/Illuminate/Routing/Router.php(764): Illuminate\\Routing\\Router->runRoute()
#44 /home/user/PAT-v2/vendor/laravel/framework/src/Illuminate/Routing/Router.php(753): Illuminate\\Routing\\Router->dispatchToRoute()
#45 /home/user/PAT-v2/vendor/laravel/framework/src/Illuminate/Foundation/Http/Kernel.php(200): Illuminate\\Routing\\Router->dispatch()
#46 /home/user/PAT-v2/vendor/laravel/framework/src/Illuminate/Pipeline/Pipeline.php(180): Illuminate\\Foundation\\Http\\Kernel->{closure:Illuminate\\Foundation\\Http\\Kernel::dispatchToRouter():197}()
#47 /home/user/PAT-v2/vendor/laravel/framework/src/Illuminate/Foundation/Http/Middleware/TransformsRequest.php(21): Illuminate\\Pipeline\\Pipeline->{closure:Illuminate\\Pipeline\\Pipeline::prepareDestination():178}()
#48 /home/user/PAT-v2/vendor/laravel/framework/src/Illuminate/Foundation/Http/Middleware/ConvertEmptyStringsToNull.php(31): Illuminate\\Foundation\\Http\\Middleware\\TransformsRequest->handle()
#49 /home/user/PAT-v2/vendor/laravel/framework/src/Illuminate/Pipeline/Pipeline.php(219): Illuminate\\Foundation\\Http\\Middleware\\ConvertEmptyStringsToNull->handle()
#50 /home/user/PAT-v2/vendor/laravel/framework/src/Illuminate/Foundation/Http/Middleware/TransformsRequest.php(21): Illuminate\\Pipeline\\Pipeline->{closure:{closure:Illuminate\\Pipeline\\Pipeline::carry():194}:195}()
#51 /home/user/PAT-v2/vendor/laravel/framework/src/Illuminate/Foundation/Http/Middleware/TrimStrings.php(51): Illuminate\\Foundation\\Http\\Middleware\\TransformsRequest->handle()
#52 /home/user/PAT-v2/vendor/laravel/framework/src/Illuminate/Pipeline/Pipeline.php(219): Illuminate\\Foundation\\Http\\Middleware\\TrimStrings->handle()
#53 /home/user/PAT-v2/vendor/laravel/framework/src/Illuminate/Http/Middleware/ValidatePostSize.php(27): Illuminate\\Pipeline\\Pipeline->{closure:{closure:Illuminate\\Pipeline\\Pipeline::carry():194}:195}()
#54 /home/user/PAT-v2/vendor/laravel/framework/src/Illuminate/Pipeline/Pipeline.php(219): Illuminate\\Http\\Middleware\\ValidatePostSize->handle()
#55 /home/user/PAT-v2/vendor/laravel/framework/src/Illuminate/Foundation/Http/Middleware/PreventRequestsDuringMaintenance.php(109): Illuminate\\Pipeline\\Pipeline->{closure:{closure:Illuminate\\Pipeline\\Pipeline::carry():194}:195}()
#56 /home/user/PAT-v2/vendor/laravel/framework/src/Illuminate/Pipeline/Pipeline.php(219): Illuminate\\Foundation\\Http\\Middleware\\PreventRequestsDuringMaintenance->handle()
#57 /home/user/PAT-v2/vendor/laravel/framework/src/Illuminate/Http/Middleware/HandleCors.php(61): Illuminate\\Pipeline\\Pipeline->{closure:{closure:Illuminate\\Pipeline\\Pipeline::carry():194}:195}()
#58 /home/user/PAT-v2/vendor/laravel/framework/src/Illuminate/Pipeline/Pipeline.php(219): Illuminate\\Http\\Middleware\\HandleCors->handle()
#59 /home/user/PAT-v2/vendor/laravel/framework/src/Illuminate/Http/Middleware/TrustProxies.php(58): Illuminate\\Pipeline\\Pipeline->{closure:{closure:Illuminate\\Pipeline\\Pipeline::carry():194}:195}()
#60 /home/user/PAT-v2/vendor/laravel/framework/src/Illuminate/Pipeline/Pipeline.php(219): Illuminate\\Http\\Middleware\\TrustProxies->handle()
#61 /home/user/PAT-v2/vendor/laravel/framework/src/Illuminate/Foundation/Http/Middleware/InvokeDeferredCallbacks.php(22): Illuminate\\Pipeline\\Pipeline->{closure:{closure:Illuminate\\Pipeline\\Pipeline::carry():194}:195}()
#62 /home/user/PAT-v2/vendor/laravel/framework/src/Illuminate/Pipeline/Pipeline.php(219): Illuminate\\Foundation\\Http\\Middleware\\InvokeDeferredCallbacks->handle()
#63 /home/user/PAT-v2/vendor/laravel/framework/src/Illuminate/Http/Middleware/ValidatePathEncoding.php(26): Illuminate\\Pipeline\\Pipeline->{closure:{closure:Illuminate\\Pipeline\\Pipeline::carry():194}:195}()
#64 /home/user/PAT-v2/vendor/laravel/framework/src/Illuminate/Pipeline/Pipeline.php(219): Illuminate\\Http\\Middleware\\ValidatePathEncoding->handle()
#65 /home/user/PAT-v2/vendor/laravel/framework/src/Illuminate/Pipeline/Pipeline.php(137): Illuminate\\Pipeline\\Pipeline->{closure:{closure:Illuminate\\Pipeline\\Pipeline::carry():194}:195}()
#66 /home/user/PAT-v2/vendor/laravel/framework/src/Illuminate/Foundation/Http/Kernel.php(175): Illuminate\\Pipeline\\Pipeline->then()
#67 /home/user/PAT-v2/vendor/laravel/framework/src/Illuminate/Foundation/Http/Kernel.php(144): Illuminate\\Foundation\\Http\\Kernel->sendRequestThroughRouter()
#68 /home/user/PAT-v2/vendor/laravel/framework/src/Illuminate/Foundation/Testing/Concerns/MakesHttpRequests.php(607): Illuminate\\Foundation\\Http\\Kernel->handle()
#69 /home/user/PAT-v2/vendor/laravel/framework/src/Illuminate/Foundation/Testing/Concerns/MakesHttpRequests.php(368): Illuminate\\Foundation\\Testing\\TestCase->call()
#70 /home/user/PAT-v2/tests/Feature/FacilityRequestTest.php(73): Illuminate\\Foundation\\Testing\\TestCase->get()
#71 /home/user/PAT-v2/vendor/pestphp/pest/src/Factories/TestCaseMethodFactory.php(171): P\\Tests\\Feature\\FacilityRequestTest->{closure:/home/user/PAT-v2/tests/Feature/FacilityRequestTest.php:65}()
#72 [internal function]: P\\Tests\\Feature\\FacilityRequestTest->{closure:Pest\\Factories\\TestCaseMethodFactory::getClosure():161}()
#73 /home/user/PAT-v2/vendor/pestphp/pest/src/Concerns/Testable.php(419): call_user_func_array()
#74 /home/user/PAT-v2/vendor/pestphp/pest/src/Support/ExceptionTrace.php(26): P\\Tests\\Feature\\FacilityRequestTest->{closure:Pest\\Concerns\\Testable::__callClosure():419}()
#75 /home/user/PAT-v2/vendor/pestphp/pest/src/Concerns/Testable.php(419): Pest\\Support\\ExceptionTrace::ensure()
#76 /home/user/PAT-v2/vendor/pestphp/pest/src/Concerns/Testable.php(321): P\\Tests\\Feature\\FacilityRequestTest->__callClosure()
#77 /home/user/PAT-v2/vendor/pestphp/pest/src/Factories/TestCaseFactory.php(170) : eval()'d code(35): P\\Tests\\Feature\\FacilityRequestTest->__runTest()
#78 /home/user/PAT-v2/vendor/phpunit/phpunit/src/Framework/TestCase.php(1667): P\\Tests\\Feature\\FacilityRequestTest->__pest_evaluable_it_hides_other_users_requests_from_a_student_list()
#79 /home/user/PAT-v2/vendor/phpunit/phpunit/src/Framework/TestCase.php(519): PHPUnit\\Framework\\TestCase->runTest()
#80 /home/user/PAT-v2/vendor/phpunit/phpunit/src/Framework/TestRunner/TestRunner.php(87): PHPUnit\\Framework\\TestCase->runBare()
#81 /home/user/PAT-v2/vendor/phpunit/phpunit/src/Framework/TestCase.php(365): PHPUnit\\Framework\\TestRunner->run()
#82 /home/user/PAT-v2/vendor/phpunit/phpunit/src/Framework/TestSuite.php(369): PHPUnit\\Framework\\TestCase->run()
#83 /home/user/PAT-v2/vendor/phpunit/phpunit/src/Framework/TestSuite.php(369): PHPUnit\\Framework\\TestSuite->run()
#84 /home/user/PAT-v2/vendor/phpunit/phpunit/src/Framework/TestSuite.php(369): PHPUnit\\Framework\\TestSuite->run()
#85 /home/user/PAT-v2/vendor/phpunit/phpunit/src/TextUI/TestRunner.php(64): PHPUnit\\Framework\\TestSuite->run()
#86 /home/user/PAT-v2/vendor/phpunit/phpunit/src/TextUI/Application.php(211): PHPUnit\\TextUI\\TestRunner->run()
#87 /home/user/PAT-v2/vendor/pestphp/pest/src/Kernel.php(103): PHPUnit\\TextUI\\Application->run()
#88 /home/user/PAT-v2/vendor/pestphp/pest/bin/pest(184): Pest\\Kernel->handle()
#89 /home/user/PAT-v2/vendor/pestphp/pest/bin/pest(192): {closure:/home/user/PAT-v2/vendor/pestphp/pest/bin/pest:18}()
#90 /home/user/PAT-v2/vendor/bin/pest(119): include('...')
#91 {main}
"} 
[2026-04-23 10:50:47] testing.ERROR: Please provide a valid cache path. {"userId":1,"exception":"[object] (InvalidArgumentException(code: 0): Please provide a valid cache path. at /home/user/PAT-v2/vendor/laravel/framework/src/Illuminate/View/Compilers/Compiler.php:75)
[stacktrace]
#0 /home/user/PAT-v2/vendor/laravel/framework/src/Illuminate/View/ViewServiceProvider.php(97): Illuminate\\View\\Compilers\\Compiler->__construct()
#1 /home/user/PAT-v2/vendor/laravel/framework/src/Illuminate/Container/Container.php(1115): Illuminate\\View\\ViewServiceProvider->{closure:Illuminate\\View\\ViewServiceProvider::registerBladeCompiler():96}()
#2 /home/user/PAT-v2/vendor/laravel/framework/src/Illuminate/Container/Container.php(933): Illuminate\\Container\\Container->build()
#3 /home/user/PAT-v2/vendor/laravel/framework/src/Illuminate/Foundation/Application.php(1078): Illuminate\\Container\\Container->resolve()
#4 /home/user/PAT-v2/vendor/laravel/framework/src/Illuminate/Container/Container.php(864): Illuminate\\Foundation\\Application->resolve()
#5 /home/user/PAT-v2/vendor/laravel/framework/src/Illuminate/Foundation/Application.php(1058): Illuminate\\Container\\Container->make()
#6 /home/user/PAT-v2/vendor/laravel/framework/src/Illuminate/View/ViewServiceProvider.php(169): Illuminate\\Foundation\\Application->make()
#7 [internal function]: Illuminate\\View\\ViewServiceProvider->{closure:Illuminate\\View\\ViewServiceProvider::registerBladeEngine():165}()
#8 /home/user/PAT-v2/vendor/laravel/framework/src/Illuminate/View/Engines/EngineResolver.php(55): call_user_func()
#9 /home/user/PAT-v2/vendor/laravel/framework/src/Illuminate/View/Factory.php(325): Illuminate\\View\\Engines\\EngineResolver->resolve()
#10 /home/user/PAT-v2/vendor/laravel/framework/src/Illuminate/View/Factory.php(287): Illuminate\\View\\Factory->getEngineFromPath()
#11 /home/user/PAT-v2/vendor/laravel/framework/src/Illuminate/View/Factory.php(159): Illuminate\\View\\Factory->viewInstance()
#12 /home/user/PAT-v2/vendor/laravel/framework/src/Illuminate/Routing/ResponseFactory.php(91): Illuminate\\View\\Factory->make()
#13 /home/user/PAT-v2/vendor/laravel/framework/src/Illuminate/Foundation/Exceptions/Handler.php(926): Illuminate\\Routing\\ResponseFactory->view()
#14 /home/user/PAT-v2/vendor/laravel/framework/src/Illuminate/Foundation/Exceptions/Handler.php(847): Illuminate\\Foundation\\Exceptions\\Handler->renderHttpException()
#15 /home/user/PAT-v2/vendor/laravel/framework/src/Illuminate/Foundation/Exceptions/Handler.php(738): Illuminate\\Foundation\\Exceptions\\Handler->prepareResponse()
#16 /home/user/PAT-v2/vendor/laravel/framework/src/Illuminate/Foundation/Exceptions/Handler.php(626): Illuminate\\Foundation\\Exceptions\\Handler->renderExceptionResponse()
#17 /home/user/PAT-v2/vendor/laravel/framework/src/Illuminate/Routing/Pipeline.php(51): Illuminate\\Foundation\\Exceptions\\Handler->render()
#18 /home/user/PAT-v2/vendor/laravel/framework/src/Illuminate/Pipeline/Pipeline.php(182): Illuminate\\Routing\\Pipeline->handleException()
#19 /home/user/PAT-v2/vendor/laravel/framework/src/Illuminate/Auth/Middleware/EnsureEmailIsVerified.php(41): Illuminate\\Pipeline\\Pipeline->{closure:Illuminate\\Pipeline\\Pipeline::prepareDestination():178}()
#20 /home/user/PAT-v2/vendor/laravel/framework/src/Illuminate/Pipeline/Pipeline.php(219): Illuminate\\Auth\\Middleware\\EnsureEmailIsVerified->handle()
#21 /home/user/PAT-v2/vendor/laravel/framework/src/Illuminate/Http/Middleware/AddLinkHeadersForPreloadedAssets.php(32): Illuminate\\Pipeline\\Pipeline->{closure:{closure:Illuminate\\Pipeline\\Pipeline::carry():194}:195}()
#22 /home/user/PAT-v2/vendor/laravel/framework/src/Illuminate/Pipeline/Pipeline.php(219): Illuminate\\Http\\Middleware\\AddLinkHeadersForPreloadedAssets->handle()
#23 /home/user/PAT-v2/vendor/inertiajs/inertia-laravel/src/Middleware.php(122): Illuminate\\Pipeline\\Pipeline->{closure:{closure:Illuminate\\Pipeline\\Pipeline::carry():194}:195}()
#24 /home/user/PAT-v2/vendor/laravel/framework/src/Illuminate/Pipeline/Pipeline.php(219): Inertia\\Middleware->handle()
#25 /home/user/PAT-v2/vendor/laravel/framework/src/Illuminate/Routing/Middleware/SubstituteBindings.php(50): Illuminate\\Pipeline\\Pipeline->{closure:{closure:Illuminate\\Pipeline\\Pipeline::carry():194}:195}()
#26 /home/user/PAT-v2/vendor/laravel/framework/src/Illuminate/Pipeline/Pipeline.php(219): Illuminate\\Routing\\Middleware\\SubstituteBindings->handle()
#27 /home/user/PAT-v2/vendor/laravel/framework/src/Illuminate/Auth/Middleware/Authenticate.php(63): Illuminate\\Pipeline\\Pipeline->{closure:{closure:Illuminate\\Pipeline\\Pipeline::carry():194}:195}()
#28 /home/user/PAT-v2/vendor/laravel/framework/src/Illuminate/Pipeline/Pipeline.php(219): Illuminate\\Auth\\Middleware\\Authenticate->handle()
#29 /home/user/PAT-v2/vendor/laravel/framework/src/Illuminate/Foundation/Http/Middleware/VerifyCsrfToken.php(87): Illuminate\\Pipeline\\Pipeline->{closure:{closure:Illuminate\\Pipeline\\Pipeline::carry():194}:195}()
#30 /home/user/PAT-v2/vendor/laravel/framework/src/Illuminate/Pipeline/Pipeline.php(219): Illuminate\\Foundation\\Http\\Middleware\\VerifyCsrfToken->handle()
#31 /home/user/PAT-v2/vendor/laravel/framework/src/Illuminate/View/Middleware/ShareErrorsFromSession.php(48): Illuminate\\Pipeline\\Pipeline->{closure:{closure:Illuminate\\Pipeline\\Pipeline::carry():194}:195}()
#32 /home/user/PAT-v2/vendor/laravel/framework/src/Illuminate/Pipeline/Pipeline.php(219): Illuminate\\View\\Middleware\\ShareErrorsFromSession->handle()
#33 /home/user/PAT-v2/vendor/laravel/framework/src/Illuminate/Session/Middleware/StartSession.php(120): Illuminate\\Pipeline\\Pipeline->{closure:{closure:Illuminate\\Pipeline\\Pipeline::carry():194}:195}()
#34 /home/user/PAT-v2/vendor/laravel/framework/src/Illuminate/Session/Middleware/StartSession.php(63): Illuminate\\Session\\Middleware\\StartSession->handleStatefulRequest()
#35 /home/user/PAT-v2/vendor/laravel/framework/src/Illuminate/Pipeline/Pipeline.php(219): Illuminate\\Session\\Middleware\\StartSession->handle()
#36 /home/user/PAT-v2/vendor/laravel/framework/src/Illuminate/Cookie/Middleware/AddQueuedCookiesToResponse.php(36): Illuminate\\Pipeline\\Pipeline->{closure:{closure:Illuminate\\Pipeline\\Pipeline::carry():194}:195}()
#37 /home/user/PAT-v2/vendor/laravel/framework/src/Illuminate/Pipeline/Pipeline.php(219): Illuminate\\Cookie\\Middleware\\AddQueuedCookiesToResponse->handle()
#38 /home/user/PAT-v2/vendor/laravel/framework/src/Illuminate/Cookie/Middleware/EncryptCookies.php(74): Illuminate\\Pipeline\\Pipeline->{closure:{closure:Illuminate\\Pipeline\\Pipeline::carry():194}:195}()
#39 /home/user/PAT-v2/vendor/laravel/framework/src/Illuminate/Pipeline/Pipeline.php(219): Illuminate\\Cookie\\Middleware\\EncryptCookies->handle()
#40 /home/user/PAT-v2/vendor/laravel/framework/src/Illuminate/Pipeline/Pipeline.php(137): Illuminate\\Pipeline\\Pipeline->{closure:{closure:Illuminate\\Pipeline\\Pipeline::carry():194}:195}()
#41 /home/user/PAT-v2/vendor/laravel/framework/src/Illuminate/Routing/Router.php(821): Illuminate\\Pipeline\\Pipeline->then()
#42 /home/user/PAT-v2/vendor/laravel/framework/src/Illuminate/Routing/Router.php(800): Illuminate\\Routing\\Router->runRouteWithinStack()
#43 /home/user/PAT-v2/vendor/laravel/framework/src/Illuminate/Routing/Router.php(764): Illuminate\\Routing\\Router->runRoute()
#44 /home/user/PAT-v2/vendor/laravel/framework/src/Illuminate/Routing/Router.php(753): Illuminate\\Routing\\Router->dispatchToRoute()
#45 /home/user/PAT-v2/vendor/laravel/framework/src/Illuminate/Foundation/Http/Kernel.php(200): Illuminate\\Routing\\Router->dispatch()
#46 /home/user/PAT-v2/vendor/laravel/framework/src/Illuminate/Pipeline/Pipeline.php(180): Illuminate\\Foundation\\Http\\Kernel->{closure:Illuminate\\Foundation\\Http\\Kernel::dispatchToRouter():197}()
#47 /home/user/PAT-v2/vendor/laravel/framework/src/Illuminate/Foundation/Http/Middleware/TransformsRequest.php(21): Illuminate\\Pipeline\\Pipeline->{closure:Illuminate\\Pipeline\\Pipeline::prepareDestination():178}()
#48 /home/user/PAT-v2/vendor/laravel/framework/src/Illuminate/Foundation/Http/Middleware/ConvertEmptyStringsToNull.php(31): Illuminate\\Foundation\\Http\\Middleware\\TransformsRequest->handle()
#49 /home/user/PAT-v2/vendor/laravel/framework/src/Illuminate/Pipeline/Pipeline.php(219): Illuminate\\Foundation\\Http\\Middleware\\ConvertEmptyStringsToNull->handle()
#50 /home/user/PAT-v2/vendor/laravel/framework/src/Illuminate/Foundation/Http/Middleware/TransformsRequest.php(21): Illuminate\\Pipeline\\Pipeline->{closure:{closure:Illuminate\\Pipeline\\Pipeline::carry():194}:195}()
#51 /home/user/PAT-v2/vendor/laravel/framework/src/Illuminate/Foundation/Http/Middleware/TrimStrings.php(51): Illuminate\\Foundation\\Http\\Middleware\\TransformsRequest->handle()
#52 /home/user/PAT-v2/vendor/laravel/framework/src/Illuminate/Pipeline/Pipeline.php(219): Illuminate\\Foundation\\Http\\Middleware\\TrimStrings->handle()
#53 /home/user/PAT-v2/vendor/laravel/framework/src/Illuminate/Http/Middleware/ValidatePostSize.php(27): Illuminate\\Pipeline\\Pipeline->{closure:{closure:Illuminate\\Pipeline\\Pipeline::carry():194}:195}()
#54 /home/user/PAT-v2/vendor/laravel/framework/src/Illuminate/Pipeline/Pipeline.php(219): Illuminate\\Http\\Middleware\\ValidatePostSize->handle()
#55 /home/user/PAT-v2/vendor/laravel/framework/src/Illuminate/Foundation/Http/Middleware/PreventRequestsDuringMaintenance.php(109): Illuminate\\Pipeline\\Pipeline->{closure:{closure:Illuminate\\Pipeline\\Pipeline::carry():194}:195}()
#56 /home/user/PAT-v2/vendor/laravel/framework/src/Illuminate/Pipeline/Pipeline.php(219): Illuminate\\Foundation\\Http\\Middleware\\PreventRequestsDuringMaintenance->handle()
#57 /home/user/PAT-v2/vendor/laravel/framework/src/Illuminate/Http/Middleware/HandleCors.php(61): Illuminate\\Pipeline\\Pipeline->{closure:{closure:Illuminate\\Pipeline\\Pipeline::carry():194}:195}()
#58 /home/user/PAT-v2/vendor/laravel/framework/src/Illuminate/Pipeline/Pipeline.php(219): Illuminate\\Http\\Middleware\\HandleCors->handle()
#59 /home/user/PAT-v2/vendor/laravel/framework/src/Illuminate/Http/Middleware/TrustProxies.php(58): Illuminate\\Pipeline\\Pipeline->{closure:{closure:Illuminate\\Pipeline\\Pipeline::carry():194}:195}()
#60 /home/user/PAT-v2/vendor/laravel/framework/src/Illuminate/Pipeline/Pipeline.php(219): Illuminate\\Http\\Middleware\\TrustProxies->handle()
#61 /home/user/PAT-v2/vendor/laravel/framework/src/Illuminate/Foundation/Http/Middleware/InvokeDeferredCallbacks.php(22): Illuminate\\Pipeline\\Pipeline->{closure:{closure:Illuminate\\Pipeline\\Pipeline::carry():194}:195}()
#62 /home/user/PAT-v2/vendor/laravel/framework/src/Illuminate/Pipeline/Pipeline.php(219): Illuminate\\Foundation\\Http\\Middleware\\InvokeDeferredCallbacks->handle()
#63 /home/user/PAT-v2/vendor/laravel/framework/src/Illuminate/Http/Middleware/ValidatePathEncoding.php(26): Illuminate\\Pipeline\\Pipeline->{closure:{closure:Illuminate\\Pipeline\\Pipeline::carry():194}:195}()
#64 /home/user/PAT-v2/vendor/laravel/framework/src/Illuminate/Pipeline/Pipeline.php(219): Illuminate\\Http\\Middleware\\ValidatePathEncoding->handle()
#65 /home/user/PAT-v2/vendor/laravel/framework/src/Illuminate/Pipeline/Pipeline.php(137): Illuminate\\Pipeline\\Pipeline->{closure:{closure:Illuminate\\Pipeline\\Pipeline::carry():194}:195}()
#66 /home/user/PAT-v2/vendor/laravel/framework/src/Illuminate/Foundation/Http/Kernel.php(175): Illuminate\\Pipeline\\Pipeline->then()
#67 /home/user/PAT-v2/vendor/laravel/framework/src/Illuminate/Foundation/Http/Kernel.php(144): Illuminate\\Foundation\\Http\\Kernel->sendRequestThroughRouter()
#68 /home/user/PAT-v2/vendor/laravel/framework/src/Illuminate/Foundation/Testing/Concerns/MakesHttpRequests.php(607): Illuminate\\Foundation\\Http\\Kernel->handle()
#69 /home/user/PAT-v2/vendor/laravel/framework/src/Illuminate/Foundation/Testing/Concerns/MakesHttpRequests.php(368): Illuminate\\Foundation\\Testing\\TestCase->call()
#70 /home/user/PAT-v2/tests/Feature/FacilityRequestTest.php(89): Illuminate\\Foundation\\Testing\\TestCase->get()
#71 /home/user/PAT-v2/vendor/pestphp/pest/src/Factories/TestCaseMethodFactory.php(171): P\\Tests\\Feature\\FacilityRequestTest->{closure:/home/user/PAT-v2/tests/Feature/FacilityRequestTest.php:83}()
#72 [internal function]: P\\Tests\\Feature\\FacilityRequestTest->{closure:Pest\\Factories\\TestCaseMethodFactory::getClosure():161}()
#73 /home/user/PAT-v2/vendor/pestphp/pest/src/Concerns/Testable.php(419): call_user_func_array()
#74 /home/user/PAT-v2/vendor/pestphp/pest/src/Support/ExceptionTrace.php(26): P\\Tests\\Feature\\FacilityRequestTest->{closure:Pest\\Concerns\\Testable::__callClosure():419}()
#75 /home/user/PAT-v2/vendor/pestphp/pest/src/Concerns/Testable.php(419): Pest\\Support\\ExceptionTrace::ensure()
#76 /home/user/PAT-v2/vendor/pestphp/pest/src/Concerns/Testable.php(321): P\\Tests\\Feature\\FacilityRequestTest->__callClosure()
#77 /home/user/PAT-v2/vendor/pestphp/pest/src/Factories/TestCaseFactory.php(170) : eval()'d code(44): P\\Tests\\Feature\\FacilityRequestTest->__runTest()
#78 /home/user/PAT-v2/vendor/phpunit/phpunit/src/Framework/TestCase.php(1667): P\\Tests\\Feature\\FacilityRequestTest->__pest_evaluable_it_forbids_a_student_from_viewing_another_users_request()
#79 /home/user/PAT-v2/vendor/phpunit/phpunit/src/Framework/TestCase.php(519): PHPUnit\\Framework\\TestCase->runTest()
#80 /home/user/PAT-v2/vendor/phpunit/phpunit/src/Framework/TestRunner/TestRunner.php(87): PHPUnit\\Framework\\TestCase->runBare()
#81 /home/user/PAT-v2/vendor/phpunit/phpunit/src/Framework/TestCase.php(365): PHPUnit\\Framework\\TestRunner->run()
#82 /home/user/PAT-v2/vendor/phpunit/phpunit/src/Framework/TestSuite.php(369): PHPUnit\\Framework\\TestCase->run()
#83 /home/user/PAT-v2/vendor/phpunit/phpunit/src/Framework/TestSuite.php(369): PHPUnit\\Framework\\TestSuite->run()
#84 /home/user/PAT-v2/vendor/phpunit/phpunit/src/Framework/TestSuite.php(369): PHPUnit\\Framework\\TestSuite->run()
#85 /home/user/PAT-v2/vendor/phpunit/phpunit/src/TextUI/TestRunner.php(64): PHPUnit\\Framework\\TestSuite->run()
#86 /home/user/PAT-v2/vendor/phpunit/phpunit/src/TextUI/Application.php(211): PHPUnit\\TextUI\\TestRunner->run()
#87 /home/user/PAT-v2/vendor/pestphp/pest/src/Kernel.php(103): PHPUnit\\TextUI\\Application->run()
#88 /home/user/PAT-v2/vendor/pestphp/pest/bin/pest(184): Pest\\Kernel->handle()
#89 /home/user/PAT-v2/vendor/pestphp/pest/bin/pest(192): {closure:/home/user/PAT-v2/vendor/pestphp/pest/bin/pest:18}()
#90 /home/user/PAT-v2/vendor/bin/pest(119): include('...')
#91 {main}
"} 
